CREATE DATABASE IF NOT EXISTS `laws`
USE `laws`;

CREATE TABLE IF NOT EXISTS `categories` (
  `id` int NOT NULL AUTO_INCREMENT,
  `name` varchar(255) COLLATE utf8mb4_unicode_ci NOT NULL,
  PRIMARY KEY (`id`)
) ENGINE=InnoDB AUTO_INCREMENT=11 DEFAULT CHARSET=utf8mb4 COLLATE=utf8mb4_unicode_ci;

INSERT INTO `categories` (`id`, `name`) VALUES
	(1, 'Offenses Against Persons'),
	(2, 'Offenses Involving Theft'),
	(3, 'Offenses Involving Fraud'),
	(4, 'Offenses Involving Damage to Property'),
	(5, 'Offenses Against Public Administration'),
	(6, 'Offenses Against Public Order'),
	(7, 'Offenses Against Public Health and Morals'),
	(8, 'Offenses Against Public Safety'),
	(9, 'Offenses Involving Operation of a Vehicle / General Citations'),
	(10, 'Offenses Involving Natural Resources');

CREATE TABLE IF NOT EXISTS `crime_legislation` (
  `id` int NOT NULL AUTO_INCREMENT,
  `article` varchar(255) CHARACTER SET utf8mb4 COLLATE utf8mb4_unicode_ci DEFAULT NULL,
  `legislation` varchar(255) COLLATE utf8mb4_unicode_ci NOT NULL,
  `description` text COLLATE utf8mb4_unicode_ci,
  PRIMARY KEY (`id`)
) ENGINE=InnoDB AUTO_INCREMENT=10 DEFAULT CHARSET=utf8mb4 COLLATE=utf8mb4_unicode_ci;

INSERT INTO `crime_legislation` (`id`, `article`, `legislation`, `description`) VALUES
	(1, '1.1', 'Infraction - Παράβαση', 'Παραβάσεις ή εγκλήματα τα οποία τιμωρούνται με χρηματικό πρόστιμο.'),
	(2, '1.2', 'Wobbler', 'Κάθε αδίκημα το οποίο αντιμετωπίζεται είτε ως πλημμέλημα είτε ως κακούργημα σύμφωνα με την απόφαση του εισαγγελέα.'),
	(3, '1.3', 'Misdemeanor - Πλημμέλημα', 'Εγκλήματα τα οποία τιμωρούνται με χρηματικό πρόστιμο και φυλάκιση έως 12 μήνες.'),
	(4, '1.4', 'Felony - Κακούργημα', 'Αξιόποινα εγκλήματα τα οποία τιμωρούνται με χρηματικό πρόστιμο και φυλάκιση άνω των 12 μηνών.'),
	(5, '1.5', 'Violent (Capital) Felony - H.U.T', 'Held Until Trial (Κρατείται μέχρι την δίκη). Η πολιτεία προβλέπει την φυλάκιση εφόρου ζωής ή/και την θανατική ποινή για τέτοια εγκλήματα.'),
	(6, '1.6', 'Principal ή Offender - Αυτουργός', 'Οποισδήποτε πράττει ένα έγκλημα ως αυτουργός.'),
	(7, '1.7', 'Accessory (before/after) the fact - Συνεργός', 'Οποιοσδήποτε ενθαρρύνει ή βοηθάει (έμεσα) στον προσχεδιασμό ενός εγκλήματος ή εν γνώση του συνεισφέρει στην αποφυγή ποινικής δίωξης μετά την επίτευξή της, αποκαλείται "συνεργός". Ένας συνεργός δεν παρίσταται στο έγκλημα αλλά γνωρίζει για την διάπραξή του (πχ ένα άτομο παραλαμβάνει ληστές σε διαφορετική τοποθεσία από αυτή της ληστείας).'),
	(8, '1.7', 'Accomplice - Συνένοχος', 'Οποιοσδήποτε συνεισφέρει ή βοηθάει άμεσα ή ενεργά στην διάπραξη εγκλήματος αποκαλείται "συνένοχος". Αυτός, είναι παρών στο έγκλημα και θα μπορούσε να καταδικαστεί για αυτό, ακόμη κι αν ο κύριος εγκληματίας δεν κατηγορηθεί ή καταδικαστεί (πχ ένα άτομο παραλαμβάνει ληστές σε στην τοποθεσία της ληστείας).'),
	(9, '1.8', 'Attempt - Απόπειρα', 'Οποιαδήποτε προσπάθεια επίτευξης εγκλήματος αποκαλείται "απόπειρα". Κάθε απόπειρα, τιμωρείται με ίσο χρόνο φυλάκισης και πρόστιμο με αυτό της κατηγορίας του κύριου εγκλήματος (πχ. Attempted Kidnapping = time/fine of Kidnapping)');

CREATE TABLE IF NOT EXISTS `criminal_offenses` (
  `id` int NOT NULL AUTO_INCREMENT,
  `quote` varchar(255) CHARACTER SET utf8mb4 COLLATE utf8mb4_unicode_ci DEFAULT NULL,
  `category_id` int DEFAULT NULL,
  `legislation_id` int DEFAULT NULL,
  `offense` varchar(255) COLLATE utf8mb4_unicode_ci DEFAULT NULL,
  `max_sentence` varchar(255) COLLATE utf8mb4_unicode_ci DEFAULT NULL,
  `max_fine` varchar(255) COLLATE utf8mb4_unicode_ci DEFAULT NULL,
  `appeal_trial` enum('appeal','trial','none') CHARACTER SET utf8mb4 COLLATE utf8mb4_unicode_ci DEFAULT NULL,
  `description` text COLLATE utf8mb4_unicode_ci,
  `license_points` tinyint(1) DEFAULT '0',
  `disabled` tinyint(1) DEFAULT '0',
  PRIMARY KEY (`id`),
  KEY `category_id` (`category_id`),
  KEY `legislation_id` (`legislation_id`),
  CONSTRAINT `criminal_offenses_ibfk_1` FOREIGN KEY (`category_id`) REFERENCES `categories` (`id`),
  CONSTRAINT `criminal_offenses_ibfk_2` FOREIGN KEY (`legislation_id`) REFERENCES `crime_legislation` (`id`)
) ENGINE=InnoDB AUTO_INCREMENT=181 DEFAULT CHARSET=utf8mb4 COLLATE=utf8mb4_unicode_ci;

INSERT INTO `criminal_offenses` (`id`, `quote`, `category_id`, `legislation_id`, `offense`, `max_sentence`, `max_fine`, `appeal_trial`, `description`, `license_points`, `disabled`) VALUES
	(1, '100', 1, 4, 'Act of Torture (Πράξη βασανιστηρίων)', '120', '12000', 'trial', 'Η πράξη της σκόπιμης πρόκλησης ταλαιπωρίας ή σοβαρού τραυματισμού στη σωματική ή ψυχική υγεία ενός ατόμου. Αυτή, μπορεί να γίνει ώστε να αναγκαστεί κάποιος να κάνει ή να πει κάτι παρά τη δική του ελεύθερη βούληση.', 0, 0),
	(2, '101', 1, 3, '"Simple" Assault (Επίθεση)', '8', '600', 'appeal', 'Η παράνομη απόπειρα, σε συνδυασμό με την ικανότητα κάποιου, να διαπράξει έναν τραυματισμό έναντι άλλου.', 0, 0),
	(3, '102', 1, 3, 'Assault to Government Employee', '8', '600', 'appeal', 'Η παράνομη απόπειρα, σε συνδυασμό με την ικανότητα κάποιου, να διαπράξει έναν τραυματισμό έναντι κάποιου κυβερνητικού υπαλλήλου.', 0, 0),
	(4, '103', 1, 4, 'Assault With a Deadly Weapon (Επίθεση με θανατηφόρο όπλο)', '8', '800', 'appeal', 'Η παράνομη απόπειρα, σε συνδυασμό με την ικανότητα κάποιου, να διαπράξει έναν βίαιο τραυματισμό έναντι άλλου. Η πολιτεία του San Andreas, προβλέπει την παρούσα κατηγορία όταν κάποιος αποπειράται να προκαλέσει τραυματισμό χρησιμοποιώντας αιχμηρά αντικείμενα ή θανατηφόρα όπλα.', 0, 0),
	(5, '104', 1, 4, 'Battery (Βιαιοπραγία)', '16', '1200', 'appeal', 'Η εσκεμμένη και παράνομη χρήση βίας εναντίον την σωματικής ακεραιότητας κάποιου άλλου.', 0, 0),
	(6, '105', 1, 4, 'Battery to a Government Employee', '16', '1200', 'appeal', 'Η εσκεμμένη και παράνομη χρήση βίας εναντίον την σωματικής ακεραιότητας κάποιου κυβερνητικού υπαλλήλου.', 0, 0),
	(7, '106', 1, 3, 'Unlawful / False Imprisonment (Παράνομη φυλάκιση)', '8', '600', 'appeal', 'O περιορισμός της κίνησης ενός ατόμου σε οποιαδήποτε περιοχή χωρίς την συναίνεση του.', 0, 0),
	(8, '107', 1, 4, 'Attempted Kidnapping (Απόπειρα Απαγωγής)', '8', '800', 'appeal', 'Η απόπειρα μετακίνησης ενός ατόμου, σε σημαντική απόσταση, χωρίς τη συγκατάθεση του, με βία ή φόβο.', 0, 0),
	(9, '108', 1, 4, 'Kidnapping (Απαγωγή)', '16', '1200', 'appeal', 'Η μετακίνηση ενός ατόμου, σε σημαντική απόσταση, χωρίς τη συγκατάθεση του, με βία ή φόβο.', 0, 0),
	(10, '109', 1, 4, 'Kidnapping a Government Employee (Απαγωγή κυβερνητικού υπαλλήλου)', '16', '1200', 'appeal', 'Η μετακίνηση ενός κυβερνητικού υπαλλήλου, σε σημαντική απόσταση, χωρίς τη συγκατάθεση του, με βία ή φόβο. Οι ακόλουθοι τίτλοι χαρακτηρίζουν ένα άτομο ως κυβερνητικό υπάλληλο : (1) Αξιωματικοί Επιβολής του νόμου (LSPD,BCSO,SAPR,SASP), (2) Προσωπικό ιατρικών υπηρεσιών έκτακτης ανάγκης (EMS,FD), (3) Ιατροί (LSMC), (4) Προσωπικό του υπουργείου δικαιοσύνης (DOJ), (5) Προσωπικό του δημαρχείου της πολιτείας, (6) Υπάλληλοι της Κομητείας.', 0, 0),
	(11, '110', 1, 4, 'Involuntary Manslaughter (Ανθρωποκτονία εξ αμελείας)', '120', '12000', 'trial', 'Η συμπτωματική, εγκληματικά αμελής ή απερίσκεπτη, θανάτωση ενός ατόμου. Ειδικότερα η πολιτεία του San Andreas αναγνωρίζει ως Involuntary Manslaughter οποιοδήποτε φόνο διαπράττεται "κατά λάθος", δηλαδή όταν ο δράστης δεν έχει πρόθεση να σκοτώσει αλλά συμπτωματικά σκοτώνει κάποιον χωρίς να υπάρχει δόλος.', 0, 0),
	(12, '111', 1, 4, 'Voluntary Manslaughter (Εκούσια Ανθρωποκτονία)', '200', '24000', 'trial', 'Η παράνομη θανάτωση μιας ανθρώπινης οντότητας, η οποία είτε διαπράττεται εν βρασμώ ψυχής είτε αποτελεί ειλικρινή αλλά παράλογη αυτοάμυνα.', 0, 0),
	(13, '112', 1, 4, 'Attempted Second Degree Murder (Απόπειρα δολοφονίας 2ου βαθμού)', '24', '2000', 'trial', 'Η απόπειρα για την παράνομη θανάτωση ενός ατόμου με κακία εκ των προτέρων (Malice Aforethought) χωρίς πρόθεση ή προμελέτη. Ειδικότερα, η πολιτεία του San Andreas κατηγορεί για το παρόν έγκλημα οποιονδήποτε διαπράττει δολοφονία χωρίς να πληροί τα κριτήρια του First Degree Murder (ex. ένα άτομο πυροβολεί σε ένα γεμάτο δωμάτιο και τραυματίζει πολύ σοβαρά κάποιον, χωρίς ο δράστης να είχε σκοπό να το κάνει).', 0, 0),
	(14, '113', 1, 4, 'Second Degree Murder (Δολοφονία 2ου βαθμού)', '200', '24000', 'trial', 'Η παράνομη θανάτωση ενός ατόμου με κακία εκ των προτέρων (Malice Aforethought) χωρίς πρόθεση ή προμελέτη. Ειδικότερα, η πολιτεία του San Andreas κατηγορεί για το παρόν έγκλημα οποιονδήποτε διαπράττει δολοφονία χωρίς να πληροί τα κριτήρια του First Degree Murder (ex. ένα άτομο πυροβολεί σε ένα γεμάτο δωμάτιο και σκοτώνει κάποιον, χωρίς ο δράστης να είχε σκοπό να σκοτώσει).', 0, 0),
	(15, '114', 1, 4, 'Attempted First Degree Murder (Απόπειρα δολοφονίας 1ου βαθμού)', '24', '2000', 'appeal', 'Η απόπειρα για την παράνομη θανάτωση ενός ατόμου με κακία εκ των προτέρων (Malice Aforethought). Ειδικότερα, η πολιτεία του San Andreas κατηγορεί για το παρόν έγκλημα οποιονδήποτε πληροί έστω και ένα από τα ακόλουθα κριτήρια : (α) Αποπειράθηκε να διαπράξει δολοφονία χρησιμοποιώντας είτε έναν καταστροφικό μηχανισμό είτε εκρηκτικό είτε ένα όπλο μαζικής καταστροφής είτε πυρομαχικά υψηλής διαμέτρου είτε μέσω δηλητηρίασης , (β) Αποπειράθηκε να διαπράξει δολοφονία με το να περιμένει το θύμα , (γ) Αποπειράθηκε να διαπράξει δολοφονία προκαλώντας βασανιστήρια , (δ) Αποπειράθηκε να διαπράξει δολοφονία εκούσια ή με βάση προμελετημένου σχεδίου (δηλαδή, η δολοφονία κάποιου έπειτα από συνεχόμενα κακουργήματα).', 0, 0),
	(16, '115', 1, 4, 'First Degree Murder (Δολοφονία 1ου βαθμού)', '280', '48000', 'trial', 'Η παράνομη θανάτωση ενός ατόμου με κακία εκ των προτέρων (Malice Aforethought) και προμελέτη. Ειδικότερα, η πολιτεία του San Andreas κατηγορεί για το παρόν έγκλημα οποιονδήποτε πληροί τουλάχιστον ένα από τα ακόλουθα κριτήρια : (α) Διέπραξε δολοφονία χρησιμοποιώντας είτε έναν καταστροφικό/εκρηκτικό μηχανισμό είτε ένα όπλο μαζικής καταστροφής είτε πυρομαχικά υψηλής διαμέτρου είτε μέσω δηλητηρίασης, (β) Διέπραξε δολοφονία περιμένοντας για ώρα το θύμα, (γ) Διέπραξε δολοφονία προκαλώντας βασανιστήρια, (δ) Διέπραξε δολοφονία εκούσια ή βάση προμελετημένου σχεδίου (δηλαδή, η δολοφονία κάποιου έπειτα από συνεχόμενα κακουργήματα).', 0, 0),
	(17, '116', 1, 4, 'Attempted Murder of a Government Employee (Απόπειρα δολοφονίας Κυβερνητικού Υπαλλήλου)', '16', '1200', 'appeal', 'Η απόπειρα για την παράνομη θανάτωση ενός κυβερνητικού υπαλλήλου με κακία εκ των προτέρων (Malice Aforethought). Ειδικότερα, η πολιτεία του San Andreas κατηγορεί για το παρόν έγκλημα οποιονδήποτε πληροί έστω και ένα από τα ακόλουθα κριτήρια : (α) Αποπειράθηκε να διαπράξει δολοφονία χρησιμοποιώντας είτε έναν καταστροφικό μηχανισμό είτε εκρηκτικό είτε ένα όπλο μαζικής καταστροφής είτε πυρομαχικά υψηλής διαμέτρου είτε μέσω δηλητηρίασης , (β) Αποπειράθηκε να διαπράξει δολοφονία με το να περιμένει το θύμα , (γ) Αποπειράθηκε να διαπράξει δολοφονία προκαλώντας βασανιστήρια , (δ) Αποπειράθηκε να διαπράξει δολοφονία εκούσια ή με βάση προμελετημένου σχεδίου (δηλαδή, η απόπειρα δολοφονίας κάποιου έπειτα από συνεχόμενα κακουργήματα).', 0, 0),
	(18, '117', 1, 3, 'Criminal Threats (Εγκληματικές απειλές)', '4', '400', 'appeal', 'Η δήλωση/άρθρωση/εκφώνηση εκφράσεων, αναφορών ή σχολίων με τα οποία υποδηλώνεται μια ειδεχθής εγκληματική πράξη εις βάρος κάποιου ατόμου. Οι εγκληματικές απειλές αφορούν εγκλήματα τα οποία αναφέρονται σε σωματική βλάβη ή θάνατο. Το θύμα τους, βρίσκεται σε κατάσταση εύλογου παρατεταμένου φόβου για την ασφάλειά του ή για την ασφάλεια της οικογένειάς του και οι απειλές είναι συγκεκριμένες και ξεκάθαρες.', 0, 0),
	(19, '118', 1, 4, 'Gang Related Shooting (Ένοπλη συμπλοκή συμμοριών)', '32', '3200', 'appeal', 'Κάθε άτομο που σχετίζεται με συμμορία που εμπλέκεται σε πυροβολισμούς/πυροβολισμούς με μέλη άλλης συμμορίας. Ένα άτομο είναι συνδεδεμένο με συμμορίες για τους σκοπούς αυτής της κατηγορίας όταν συμμετέχει ενεργά ή προωθεί σκόπιμα τους σκοπούς μιας εγκληματικής συμμορίας του δρόμου. Αυτό μπορεί να διαπιστωθεί είτε από: (1) ένα πρότυπο συσχέτισης και συμμετοχής σε κακουργηματική δραστηριότητα, είτε (2) από δηλώσεις / παραδοχές σύνδεσης ή/και συμμετοχής που γίνονται από το άτομο. Ως "εγκληματική συμμορία του δρόμου" ορίζεται μια συνεχιζόμενη ομάδα, λέσχη ή οργάνωση που έχει πρωταρχικό σκοπό τη διάπραξη ποινικών αδικημάτων ή τα μέλη της οποίας τις τελευταίες εξήντα ημέρες έχουν εμπλακεί σε μια συνεχόμενη ή συνεχιζόμενη σειρά κακουργημάτων .', 0, 0),
	(20, '119', 1, 4, 'Reckless Endangerment (Πρόκληση αλόγιστου κινδύνου)', '8', '800', 'appeal', 'Η συμπεριφορά ή οι αμελείς πράξεις οι οποίες θέτουν την ζωή ενός ατόμου σε άμεσο κίνδυνο, συσχετιζόμενο με σοβαρό σωματικό τραυματισμό. Ο θύτης, παρουσιάζει αδιαφορία για τις εύλογες συνέπειες των πράξεών του.', 0, 0),
	(21, '120', 1, 4, 'Forcer\'s Law (Serial Killings)', '280', '48000', 'trial', 'Η πολιτεία του San Andreas θα θεωρήσει κάθε δράστη που διαπράττει το κακούργημα της δολοφονίας πρώτου βαθμού σε τουλάχιστον τρεις ξεχωριστές χρονικές στιγμές ως κατά συρροή δολοφόνο και θα αποδώσει την θανατική ποινή.', 0, 0),
	(22, '200', 2, 3, 'Petty Theft (Μικροκλοπή)', '4', '400', 'appeal', 'Η κλοπή περιουσίας, χρηματικής αξίας μικρότερης ή ίσης των 950$ από άλλο άτομο.', 0, 0),
	(23, '201', 2, 2, 'Grand Theft (Μεγαλοκλοπή)', '8', '600', 'appeal', 'Η κλοπή περιουσίας, χρηματικής αξίας μεγαλύτερης των 950$ από άλλο άτομο.', 0, 0),
	(24, '202', 2, 4, 'Grand Larceny (Μεγαλοκλοπή)', '32', '3200', 'trial', 'Η σκόπιμη κλοπή περιουσίας ενός ατόμου, καταστήματος, επιχείρησης, χρηματοπιστωτικού ιδρύματος ή οργανισμού η οποία εκτιμάται με χρηματική αξία ίση ή μεγαλύτερη των 25,000$, χωρίς την συγκατάθεσή του/τους. Η πολιτεία, αναγνωρίζει ως χρηματοπιστωτικά ιδρύματα τα εξής : (1) Κάθε δημόσια ή ιδιωτική τράπεζα (etc. Fleeca Banks), (2) Diamond Hand Casino, (3) Οποιoδήποτε ίδρυμα το οποίο ελέγχει και επιμελείται περιουσιακά στοιχεία του κράτους ή ιδιωτών.', 0, 0),
	(25, '203', 2, 3, 'Joyriding (Κλοπή οχήματος)', '8', '600', 'appeal', 'Η απόσπαση ενός οχήματος χωρίς την συγκατάθεση του νόμιμου ιδιοκτήτη του με σκοπό την βραχυχρόνια (προσωρινή) χρήση του.', 0, 0),
	(26, '204', 2, 4, 'Felony Joyriding (Κακουργηματική Κλοπή οχήματος)', '16', '1200', 'appeal', 'Η απόσπαση ενός κυβερνητικού οχήματος χωρίς την συγκατάθεση της αρμόδιας δημόσιας υπηρεσίας με σκοπό την βραχυχρόνια (προσωρινή) χρήση του. Η πολιτεία του San Andreas αναγνωρίζει ως κυβερνητικά οχήματα τα εξής : (α) Οχήματα που φέρουν διακριτικά υπηρεσίας επιβολής του νόμου όπως LSPD, BCSO, SASPR, SASP, CID, (β) Οχήματα ιατρικής περίθαλψης και άμεσης βοήθειας του EMS, LSMC και LSFD.', 0, 0),
	(27, '205', 2, 4, 'Carjacking (Ληστεία Οχήματος)', '16', '1200', 'appeal', 'H απόσπαση/αφαίρεση/κλοπή ενός μηχανοκίνητου οχήματος από τον ιδιοκτήτη/χειριστή/συνεπιβάτη του, η οποία διαπράττεται ενώ αυτός είναι παρόν και δεν συναινεί σε αυτή, με την χρήση βίας ή απειλών για τραυματισμό και αποσκοπεί στο να το στερήσει από αυτόν για μικρό ή μεγάλο χρονικό διάστημα.', 0, 0),
	(28, '206', 2, 4, 'Grand Theft Auto (GTA)', '16', '1200', 'appeal', 'Η κλοπή κάποιου οχήματος, αξίας 950 $ ή περισσότερο, χωρίς άδεια τον νόμιμο ιδιοκτήτη του, με σκοπό να στερηθεί από αυτόν. Η πολιτεία του San Andreas, αποδίδει την παρούσα κατηγορία σε οποιονδήποτε πράττει έστω και μία από τις παρακάτω ενέργειες : Η κλοπή αυτοκινήτου για χρήση ως όχημα απόδρασης από άλλο έγκλημα ή/και η κλοπή ενός αυτοκινήτου με σκοπό την πώλησή του ή τον διαμερισμό του για πώληση των ανταλλακτικών του.', 0, 0),
	(29, '207', 2, 3, 'Tampering with a Vehicle (Παραβίαση οχήματος)', '4', '400', 'appeal', 'Η πράξη με την οποία ένα άτομο σκοπίμως παραβιάζει, φθείρει, σπάει ολικά ένα μηχανοκίνητο όχημα ή αφαιρεί μεμονομένα μέρη του, χωρίς αυτό να του ανήκει ή να έχει λάβει την συγκατάθεση του νόμιμου ιδιοκτήτη του.', 0, 0),
	(30, '208', 2, 4, 'Attempted Robbery (Απόπειρα Ληστείας)', '8', '800', 'appeal', 'Η απόπειρα για κακουργηματική αφαίρεση προσωπικής περιουσίας, από το πρόσωπο ή την άμεση παρουσία του και παρά τη θέλησή του, η οποία πραγματοποιείται με βία ή φόβο.', 0, 0),
	(31, '209', 2, 4, 'Robbery (Ληστεία)', '16', '1200', 'appeal', 'Η κακουργηματική αφαίρεση προσωπικής περιουσίας, από το πρόσωπο ή την άμεση παρουσία του και παρά τη θέλησή του, η οποία πραγματοποιείται με βία ή φόβο.', 0, 0),
	(32, '210', 2, 4, 'Robbery of a Financial Institution (Ληστεία χρηματοπιστωτικού ιδρύματος)', '24', '2000', 'appeal', 'Η κακουργηματική αφαίρεση/κλοπή και παράνομη απόσπαση χρηματικών κεφαλαίων τα οποία επηρεάζουν άμεσα την σταθερότητα του οικονομικού συστήματος της πολιτείας του San Andreas είτε τα χρηματοπιστωτικά ιδρύματα ως καθαυτά. Η πολιτεία, αναγνωρίζει ως χρηματοπιστωτικά ιδρύματα τα εξής : (1) Κάθε δημόσια ή ιδιωτική τράπεζα (etc. Fleeca Banks), (2) Οποιoδήποτε ίδρυμα το οποίο ελέγχει και επιμελείται περιουσιακά στοιχεία του κράτους ή ιδιωτών.', 0, 0),
	(33, '211', 2, 3, 'Misdemeanor Possession of Marked Bills', '4', '400', 'appeal', 'Η παράνομη κατοχή αφορολόγητων χρημάτων (Marked Bills), εώς και τρεις τσάντες, των οποίων η προέλευση δεν δικαιολογείται από το οικονομικό υπόβαθρο του κατόχου.', 0, 0),
	(34, '212', 2, 4, 'Felony Possession of Marked Bills', '16', '1200', 'appeal', 'Η παράνομη κατοχή αφορολόγητων χρημάτων (Marked Bills), από 4 τσάντες και πάνω, των οποίων η προέλευση δεν δικαιολογείται από το οικονομικό υπόβαθρο του κατόχου.', 0, 0),
	(35, '213', 2, 3, 'Misdemeanor Possession of Contraband (Πλημελλής Κατοχή λαθρεμπορίου)', '4', '400', 'appeal', 'Η Κατοχή πολύτιμων αγαθών ή αντικειμένων με σημαντική οικονομική / αγοραστική ισχύ, χωρίς έκνομη απόδειξη για την ιδιοκτησία τους. Ειδικότερα, η παρούσα αξιόποινη πράξη αναφέρεται σε ένα άτομο το οποίο εν γνώσει του αγόρασε, απέκτησε ή κατέχει έως και έξι τεμάχια λαθρεμπορίου. Η πολιτεία αναγνωρίζει ως λαθρεμπόριο τα ακόλουθα είδη : (1) Εγχρωμοι φορητοί υπολογιστές, (2) Dongles (Εξαιρούνται τα News USB Sticks), (3) Κάθε άλλο αντικείμενο που έχει επισημανθεί για κατάσχεση από την αστυνομία.', 0, 0),
	(36, '214', 2, 4, 'Felony Possession of Contraband (Κακουργηματική Κατοχή λαθρεμπορίου)', '8', '800', 'appeal', 'Η Κατοχή πολύτιμων αγαθών ή αντικειμένων με σημαντική οικονομική / αγοραστική ισχύ, χωρίς έκνομη απόδειξη για την ιδιοκτησία τους. Ειδικότερα, η παρούσα αξιόποινη πράξη αναφέρεται σε ένα άτομο το οποίο εν γνώσει του αγόρασε, απέκτησε ή κατέχει εννιά ή περισσότερα τεμάχια λαθρεμπορίου. Η πολιτεία αναγνωρίζει ως λαθρεμπόριο τα ακόλουθα είδη : (1) Εγχρωμοι φορητοί υπολογιστές, (2) Dongles (Εξαιρούνται τα News USB Sticks), (3) Κάθε άλλο αντικείμενο που έχει επισημανθεί για κατάσχεση από την αστυνομία.', 0, 0),
	(37, '215', 2, 3, 'Possession of a Stolen Identification (Κατοχή κλεμμένης ταυτότητας)', '4', '400', 'appeal', 'Η κατοχή δελτίου αστυνομικής ταυτότητας άλλου ατόμου χωρίς την συγκατάθεσή του.', 0, 0),
	(38, '216', 2, 4, 'Identity Theft (Κλοπή ταυτότητας)', '8', '800', 'appeal', 'Η χρήση προσωπικών στοιχείων αναγνώρισης άλλου ατόμου με σκοπό την διάπραξη παρανομίας, όπως τη προσπάθεια απόκτησης ή την απόκτηση αγαθών, χρημάτων, υπηρεσιών, ακίνητης περιουσίας ή ιατρικών πληροφοριών για τις οποίες ο δράστης δεν έχει λάβει την συγκατάθεση του νόμιμου ιδιοκτήτη τους.', 0, 0),
	(39, '217', 2, 3, 'Misdemeanor Possession of Dirty Money (Roll(s) of Cash) (Πλημελλής Κατοχή αφορολόγητου χρήματος)', '4', '400', 'appeal', 'Η παράνομη κατοχή ("μαύρων") χρημάτων, αξίας 2500$ ή λιγότερο, των οποίων η προέλευση δεν δικαιολογείται από το οικονομικό υπόβαθρο του κατόχου (δηλαδή, έως 25 rolls of cash).', 0, 0),
	(40, '218', 2, 4, 'Felony Possession of Dirty Money (Roll(s) of Cash) (Κακουργηματική Κατοχή αφορολόγητου χρήματος)', '8', '800', 'appeal', 'Η παράνομη κατοχή ("μαύρων") χρημάτων, αξίας 2501$ ή περισσότερο, των οποίων η προέλευση δεν δικαιολογείται από το οικονομικό υπόβαθρο του κατόχου (δηλαδή, 26 ή περισσότερα rolls of cash).', 0, 0),
	(41, '219', 2, 3, 'Leaving Without Paying (Φυγή χωρίς πληρωμή ή εξόφληση χρέους)', '4', '400', 'appeal', 'Η απόκτηση υπηρεσιών ή αγαθών με εξαπάτηση, απειλή, βία ή άλλα παράνομα μέσα είτε η αποτυχία αποζημίωσης του νόμιμου παρόχου τους για την απόκτηση της εκάστοτε υπηρεσίας ή αγαθού.', 0, 0),
	(42, '220', 2, 3, 'Sale of Stolen Goods or Stolen Property (Πώληση κλοπιμαίων ή κλεμμένων αγαθών)', '4', '400', 'appeal', 'Η ανταλλαγή ή η πώληση αγαθών, εμπορευμάτων ή περιουσίας η οποία έχει κλαπεί από τον νόμιμο ιδιοκτήτη και πραγματοποιείται εν γνώση ή έχοντας εύλογες υποψίες ότι αποτελούν προϊόντα κλοπής.', 0, 0),
	(43, '221', 2, 4, 'Theft of a Commercial Aircraft (Κλοπή επαγγελματικού αεροσκάφους)', '16', '1200', 'appeal', 'Η κλοπή εμπορικού αεροσκάφους χωρίς την συγκατάθεση του νόμιμου ιδιοκτήτη, της επιχείρησης ή του διορισμένου επιμελητή του με σκοπό την βραχυχρόνια ή μακροχρόνια χρήση ή απόκτησή του.', 0, 0),
	(44, '222', 2, 4, 'Theft of an Aircraft (Κλοπή Αεροσκάφους)', '16', '1200', 'appeal', 'Η κλοπή αεροσκάφους χωρίς την συγκατάθεση του νόμιμου ιδιοκτήτη, της επιχείρησης ή του διορισμένου επιμελητή του με σκοπό την βραχυχρόνια ή μακροχρόνια χρήση ή απόκτησή του.', 0, 0),
	(45, '300', 3, 4, 'Extortion - Blackmail (Εκβιασμός)', '24', '2000', 'trial', 'Η άρθρωση ή η χρήση εγκληματικών απειλών προς ένα άτομο, υπό τις οποίες αυτό εξαναγκάζεται να πράξει ή να απέχει από οποιαδήποτε ενέργεια παρά την θέλησή του.', 0, 0),
	(46, '301', 3, 4, 'Fraud (Απάτη)', '24', '2000', 'trial', 'Η αδικαιολόγητη εξαπάτηση κάποιου ατόμου ή αρχής με σκοπό την απολαβή οικονομικού ή προσωπικού οφέλους.', 0, 0),
	(47, '302', 3, 4, 'Criminal Impersonation (Εγκληματική Πλαστοπροσωπία)', '16', '1200', 'appeal', 'H παράνομη προσποίηση κάποιου άλλου ατόμου με σκοπό να επωφεληθεί προσωπικά ή να βλάψει το υποδυόμενο άτομο.', 0, 0),
	(48, '303', 3, 4, 'Impersonating a Government Employee (Υποδύεται έναν Κυβερνητικό Υπάλληλο)', '24', '2000', 'appeal', 'H παράνομη προσποίηση διορισμένου κυβερνητικού υπαλλήλου με σκοπό να επωφεληθεί προσωπικά ή να βλάψει τον εκάστοτε κυβερνητικό υπάλληλο. Η πολιτεία αναγνωρίζει ότι το παρόν έγκλημα διαπράττεται όταν κάποιος με δόλιο τρόπο προσπαθεί να ασκήσει την ιδιότητα των κυβερνητικών υπαλλήλων, έναντι άλλων χωρίς εξουσιοδότηση. Δηλαδή, φέρει ή εκθέτει σε κοινή θέα ενδυμασία η οποία μοιάζει (αξιοσημείωτα) με αυτή των κυβερνητικών υπηρεσιών, επιδεικνύει πλαστό σήμα κυβερνητικού υπαλλήλου και αυτοαποκαλείται κυβερνητικός υπάλληλος. Τέλος, οι ακόλουθοι τίτλοι χαρακτηρίζουν ένα άτομο ως κυβερνητικό υπάλληλο : (1) Αξιωματικοί Επιβολής του νόμου (LSPD,BCSO,SAPR,SASP), (2) Προσωπικό ιατρικών υπηρεσιών έκτακτης ανάγκης (EMS,FD), (3) Ιατροί (LSMC), (4) Προσωπικό του υπουργείου δικαιοσύνης (DOJ), (5) Προσωπικό του δημαρχείου της πολιτείας, (6) Υπάλληλοι της Κομητείας.', 0, 0),
	(49, '304', 3, 4, 'Vehicle Registration Fraud (Απάτη για άδεια οχήματος)', '16', '1200', 'appeal', 'Η επίδειξη, η υποβολή ή η παρασκευή παραποιημένης και παράνομης άδειας μηχανοκίνητου οχήματος.', 0, 0),
	(50, '305', 3, 4, 'Possession of a Tampered Firearm (Κατοχή τροποποιημένου πυροβόλου όπλου)', '16', '1200', 'appeal', 'Η παράνομη κατοχή οπλισμού του οποίου ο αριθμός παραγωγής έχει "γρατσουνιστεί" ή αλλοιωθεί, σημαντικά ή ολοκληρωτικά, σκοπίμως.', 0, 0),
	(51, '306', 3, 4, 'Witness Tampering (Παραποίηση μαρτύρων)', '120', '12000', 'trial', 'Η παράνομος εκβιασμός ή παρακίνηση ενός μάρτυρα, με σκοπό την άρνηση κατηγοριών, την κατάθεση ψευδούς αναφοράς ή την αποφυγή κατάθεσης μαρτυρίας ενώπιον της δικαιοσύνης.', 0, 0),
	(52, '307', 3, 4, 'Money Laundering (Ξέπλυμα Χρήματος)', '280', '48000', 'trial', 'Οι παράνομες χρηματοοικονομικές ή/και περιουσιακές συναλλαγές οι οποίες αποσκοπούν στην απόκρυψη/απάτη της τελικής αξίας του αγορασταίου οικονομικού αγαθού, το οποίο αποκτήθηκε παράνομα σε οποιοδήποτε χρηματικό ποσό. Η πολιτεία του San Andreas κρίνει απαραίτητο σε οποιαδήποτε σχετική δίωξη να αποδειχθεί πως τα χρήματα ή/και η περιουσία αποκτήθηκαν παράνομα.', 0, 0),
	(53, '308', 3, 4, 'Embezzlement (Υπεξαίρεση)', '120', '12000', 'trial', 'Η δόλια χρήση περιουσίας ή ιδιοκτησίας, με την συγκατάθεση ή εμπιστοσύνη του νόμιμου ιδιοκτήτη της, με την οποία στη συνέχεια ο κατηγορούμενος προσπάθησε να εξυπηρετήσει συμφέροντά του σκεπτόμενος να την αποσπάσει μόνιμα από τον νόμιμο ιδιοκτήτη της.', 0, 0),
	(54, '309', 3, 3, 'Misdemeanor Tax Evasion (Πλημμελής Φοροδιαφυγή)', '60', '6000', 'appeal', 'Η προσπάθεια ενός ατόμου ή/και μιας επιχείρησης να διαφύγει οποιαδήποτε φορολογία (έμμεση ή άμεση) η οποία επιβάλλεται από την πολιτεία του San Andreas με χρηματική αξία έως 20.000$. H πολιτεία, επιβάλει άμεση κατάσχεση έως και του 33% των περιουσιακών στοιχείων του εκάστοτε παραβάτη.', 0, 0),
	(55, '310', 3, 4, 'Felony Tax Evasion (Κακουργηματική Φοροδιαφυγή)', '120', '12000', 'trial', 'Η προσπάθεια ενός ατόμου ή/και μιας επιχείρησης να διαφύγει οποιαδήποτε φορολογία (έμμεση ή άμεση) η οποία επιβάλλεται από την πολιτεία του San Andreas με χρηματική αξία ανώτερη των 20.001$. H πολιτεία, επιβάλει προσωρινή κατάσχεση/παρακράτηση των περιουσιακών στοιχείων (τραπεζικοί λογαριασμοί) μέχρι την εκδίκαση του κατηγορούμενου. Σε περίπτωση ενοχοποίησης από το DOJ, η πολιτεία κρίνει απαραίτητη την δέσμευση όλων των περιουσιακών στοιχείων του ενόχου με σκοπό να ελεγχθούν από το DIC και τον Εισαγγελέα.', 0, 0),
	(56, '400', 4, 3, 'Burglary (Διάρρηξη)', '8', '600', 'appeal', 'Η παράνομη παραβίαση ή/και η εισχώρηση σε οποιοδήποτε ακίνητο/ιδιοκτησία με σκοπό είτε την απόσπαση/κλοπή περιουσίας η οποία βρίσκεται εντός αυτής είτε την διάπραξη οποιουδήποτε εγκλήματος μέσα σε αυτή.', 0, 0),
	(57, '401', 4, 1, 'Third Degree Trespass (Καταπάτηση ιδιοκτησίας 3ου βαθμού)', '0', '150', 'appeal', 'H παράνομη και παρά την θέληση του ιδιοκτήτη παραμονή ή εισχώρηση κάποιου σε ιδιοκτησία ή μηχανοκίνητο όχημα έχοντας γνώση της πράξης του.', 0, 0),
	(58, '402', 4, 3, 'Second Degree Trespass (Καταπάτηση ιδιοκτησίας 2ου βαθμού)', '4', '400', 'appeal', 'H παράνομη και παρά την θέληση του ιδιοκτήτη παραμονή ή εισχώρηση κάποιου είτε σε εγκαταστάσεις ξενοδοχείου, μοτέλ ή κτιρίου διαμερισμάτων οι οποίες αποτρέπουν εμφανώς την διέλευση ατόμων με σήμανση ή φράξη είτε σε μηχανοκίνητο όχημα έχοντας γνώση της πράξης του.', 0, 0),
	(59, '403', 4, 4, 'First Degree Trespass (Καταπάτηση ιδιοκτησίας 1ου Βαθμού)', '8', '800', 'appeal', 'Η παράνομη εισχώρηση και καταπάτηση ξένης περιουσίας ή χώρου, ενώ εντός του χρονικού διαστήματος 30 ημερών έχει ειπωθεί αξιόπιστη ή πιστική απειλή από τον κατηγορούμενο για πρόκληση βίας έναντι του νόμιμου κατόχου ή διαχειριστή της εκάστοτε περιοχής ή ιδιοκτησίας.', 0, 0),
	(60, '404', 4, 4, 'Arson (Εμπρησμός)', '32', '3200', 'trial', 'Η παράνομη και κακόβουλη πυρπόληση ξένης ιδιοκτησίας ή ακινήτου ή δασικής περιοχής. Η πολιτεία του San Andreas, αναγνωρίζει ως εμπρηστική μηχανή τον "Θερμίτη" αλλά και οποιαδήποτε άλλη συσκευή μπορεί να προκαλέσει πυρκαγιά.', 0, 0),
	(61, '500', 5, 4, 'Bribery (Δωροδοκία)', '32', '3200', 'trial', 'Η παροχή ή η συμφωνία για την απονομή οποιουδήποτε οφέλους σε έναν δημόσιο υπάλληλο με σκοπό την άσκηση διακριτής ευχέρειας προς τον πάροχο του οφέλους εν γνώση του δημοσίου υπαλλήλου.', 0, 0),
	(62, '501', 5, 3, 'Contempt of Court (Ασέβεια προς το δικαστήριο)', '8', '600', 'none', 'Η ανυπακοή ή η αγένεια έναντι του δικαστηρίου και τους λειτουργούς του, συνοδευόμενη από συμπεριφορά η οποία αντιτίθεται ή αψηφά την εξουσία, τη δικαιοσύνη και την αξιοπρέπεια του δικαστηρίου.', 0, 0),
	(63, '502', 5, 4, 'Escaping Custody (Απόδραση από την κράτηση)', '16', '1200', 'appeal', 'Η αποφυγή της κράτησης από τις αρχές επιβολής του νόμου μόλις ο κατηγορούμενος έχει τεθεί υπό κράτηση / σύλληψη και δεν έχει ακόμη επεξεργαστεί από αυτές.', 0, 0),
	(64, '503', 5, 4, 'Attempted Prison Break (Απόπειρα απόδρασης από τη φυλακή)', '24', '2000', 'appeal', 'Η απόπειρα στην παράνομη εισβολή σε κυβερνητικά κτίρια ή οχήματα τα οποία προορίζονται για κράτηση ή φυλάκιση κρατουμένων με σκοπό την απόδραση τους. Η πολιτεία του San Andreas αναγνωρίζει επίσης ως Attempted Prison Break την απόπειρα στην παράνομη εγκατάλειψη ή παραβίαση του Bolingbroke Penitentiary από κρατούμενους.', 0, 0),
	(65, '504', 5, 4, 'Prison Break (Απόδραση από τη φυλακή)', '32', '3200', 'trial', 'Η παράνομη εισβολή σε κυβερνητικά κτίρια ή οχήματα τα οποία προορίζονται για κράτηση ή φυλάκιση κρατουμένων με σκοπό την απόδραση τους. Η πολιτεία του San Andreas αναγνωρίζει επίσης ως Prison Break την παράνομη εγκατάλειψη ή παραβίαση του Bolingbroke Penitentiary από κρατούμενους.', 0, 0),
	(66, '505', 5, 4, 'Perjury (Ψευδορκία)', '32', '3200', 'trial', 'Η κακόβουλη, ψευδής και ορκωτή μαρτυρία, κατάθεση, πιστοποίηση ή δήλωση ενός πολίτη, μάρτυρα ή κατηγορούμενου έναντι δικαστηρίου ή υπηρεσίας επιβολής του νόμου η οποία είχε ως σκοπό την αλλοίωση της αλήθειας. Η πολιτεία του San Andreas δεν κατηγορεί κανέναν για την παρούσα αξιόποινη πράξη, σε περίπτωση που η εκάστοτε μαρτυρία έρχεται αποκλειστικά σε αντίφαση με μόνο ένα άτομο εκτός από τον εναγόμενο.', 0, 0),
	(67, '506', 5, 3, 'Police Misconduct', '16', '1600', 'appeal', 'Η παρούσα κατηγορία αναφέρεται σε ανάρμοστη ή παράνομη συμπεριφορά από αξιωματικούς υπό την επίσημη ιδιότητά τους. Ενδεικτικά, περιλαμβάνει πράξεις όπως παράνομη κράτηση ή σύλληψη, υπερβολική χρήση βίας, φυλετικές διακρίσεις ή ρατσισμός και ψευδορκία.', 0, 0),
	(68, '507', 5, 4, 'Violating a Court Order (Παράβαση δικαστικής απόφασης)', '16', '1200', 'none', 'Η εσκεμμένη ανυπακοή των όρων που αναγράφονται σε δικαστική απόφαση. Η πολιτεία του San Andreas επιβάλλει επίσης την παρούσα δίωξη σε όποιον πολίτη παραβιάζει προστατευτικά ή/και περιοριστικά μέτρα.', 0, 0),
	(69, '508', 5, 3, 'Failure to Appear (Αποτυχία εμφάνισης σε Δικαστήριο)', '12', '1000', 'none', 'Παράλειψη εμφάνισης ενός κατηγορουμένου στο δικαστήριο κατά την κλήση του από αυτό. H πολιτεία του San Andreas επιβάλει έγκαιρο πρόστιμο.', 0, 0),
	(70, '509', 5, 3, 'Unauthorized Practice of Law (Μη εξουσιοδοτημένη δικηγορία)', '12', '1000', 'appeal', 'Η άσκηση δικηγορίας χωρίς την κατάλληλη πιστοποίηση δικηγόρου.', 0, 0),
	(71, '510', 5, 4, 'Conspiracy (Συνωμοσία)', '8', '800', 'appeal', 'Η προφορική, γραπτή ή ηλεκτρονική συμφωνία συνεργασίας μεταξύ δύο ή περισσότερων ατόμων για τον σχεδιασμό ή/και την διάπραξη ενός εγκλήματος η οποία υποστηρίζεται από επιβεβαίωση για την πραγμάτωση της πράξης από όλα τα μέλη.', 0, 1),
	(72, '511', 5, 2, 'Parole Violation (Παραβίαση αποφυλάκισης)', '8', '600', 'none', 'Η παραβίαση των όρων ή του χρόνου αποφυλάκισης ενός κατάδικου, o/οι οποίος/οι ορίστηκε/αν από προηγούμενη σύλληψή του.', 0, 0),
	(73, '512', 5, 3, 'Misuse of 911 System (Ασήμαντη χρήση 911)', '4', '400', 'appeal', 'Η υποβολή αιτήματος στον κρατικό μηχανισμό άμεσης βοήθειας όταν αυτό δεν είναι πρακτικά απαραίτητο ή όταν ο καλών δεν διαθέτει εύλογα μέσα να υποστηρίξει ότι απειλήθηκε σε αξιοσημείωτο βαθμό ώστε να ζητήσει άμεση βοήθεια.', 0, 0),
	(74, '513', 5, 4, 'Introducing Contraband Into a Government Facility (Εισαγωγή λαθρεμπορίου σε κρατική υπηρεσία)', '8', '800', 'appeal', 'Η παράνομη εισαγωγή λαθρεμπορίου (παντός τύπου) εντός κρατικών υπηρεσιών ή κτυρίων όπως το Bolingbroke Penitentiary, το Mission Row Police Department, το Pillbox Medical Center και το Parsons Mental Health Facility. Η πολιτεία του San Andreas αναγνωρίζει ως λαθρεμπόριο οποιοδήποτε όπλο, ναρκωτικό, μεθυστικό ποτό, εκρηκτικό μηχανισμό, radio, τηλέφωνο, συσκευή εγγραφής που χρησιμοποιείται για τη μετάδοση πληροφοριών και κάθε αντικείμενο που επισημαίνεται για κατάσχεση από την αστυνομία.', 0, 0),
	(75, '514', 5, 4, 'Harboring a Fugitive (Φιλοξενία Φυγά)', '32', '3200', 'trial', 'Η εν γνώση απόκρυψη ή φιλοξενία οποιουδήποτε κρατούμενου ο οποίος καταζητείται για αδίκημα σε βαθμό κακουργήματος μετά την απόδρασή του από την κράτηση του κρατικού σωφρονιστικού ιδρύματος Bolingbroke ή οποιουδήποτε άλλου κρατικού σωφρονιστικού ιδρύματος. Η πολιτεία του San Andreas αναγνωρίζει ένοχο όποιον πολίτη είτε παρέχει ιδιοκτησία ή ακίνητό του στον καταζητούμενο κατά την απόδρασή του είτε δεν ειδοποιεί τις αρχές επιβολής του νόμου για την τοποθεσία την οποία βρίσκεται ο κρατούμενος ενώ γνωρίζει ότι καταζητείται για σύλληψη λόγω των αξιόποινων πράξεών του.', 0, 0),
	(76, '600', 6, 3, 'Disobeying a Peace Officer (Ανυπακοή σε Αξιωματικό Ειρήνης)', '4', '400', 'appeal', 'Η εσκεμμένη ανυπακοή μιας νόμιμης εντολής οποιουδήποτε ορκισμένου αξιωματικού ειρήνης. Η πολιτεία του San Andreas αναγνωρίζει ως Peace Officers τους ακόλουθους : Police Officer, Trooper, Sheriff (και deputy) και CID.', 0, 0),
	(77, '601', 6, 3, 'Disorderly Conduct (Άτακτη συμπεριφορά)', '4', '400', 'appeal', 'Η συμπεριφορά με την οποία ένας πολίτης αποσκοπεί στην πρόκληση ταλαιπωρίας σε άλλα άτομα ή στο ευρύ κοινό.', 0, 0),
	(78, '602', 6, 3, 'Disturbing the Peace (Διατάραξη της ειρήνης)', '4', '400', 'appeal', 'Η πρόκληση αλόγιστου θορύβου (όπως για παράδειγμα δυνατή μουσική), η διαμάχη σε δημόσιο χώρο είτε η χρήση λέξεων ή φράσεων οι οποίες είναι προσβλητικές και προκαλούν το θύμα να προβεί σε βίαιη αντίδραση.', 0, 0),
	(79, '603', 6, 3, 'False Reporting (Ψευδής αναφορά)', '8', '600', 'appeal', 'Η εν γνώση παροχή ψευδών στοιχείων, αναφορών ή πληροφοριών σε οποιαδήποτε αστυνομική αρχή.', 0, 0),
	(80, '604', 6, 3, 'Harassment (Παρενόχληση)', '16', '1600', 'appeal', 'Η συμπεριφορά η οποία πράττεται ενσυναίσθητα, στοχοποιεί ένα συγκεκριμένο άτομο, αποσκοπεί σε ανεπιθύμητες ενέργειες και προκαλεί σοβαρή συναισθηματική δυσφορία σε αυτό. Η πολιτεία του San Andreas, προβλέπει τέσσερα είδη παρενόχλησης και αποδίδει ποινές ή καταδίκες ανάλογα με το είδος της. Ειδικότερα, προβλέπονται οι ακόλουθες κατηγορίες : (Α) Civil Harassment, (B) Stalking, (C) Sexual Harassment, (D) Workplace Harassment.', 0, 0),
	(81, '605', 6, 4, 'Rape (Βιασμός)', '200', '24000', 'trial', 'Η πράξη σεξουαλικής επαφής που πραγματοποιείται υπό οποιαδήποτε από τις ακόλουθες συνθήκες : (1) Παρά τη θέληση ενός ατόμου με τη χρήση βίας, εξαναγκασμού, απειλής ή φόβου για άμεσο και παράνομο σωματικό τραυματισμό του ατόμου ή του άλλου, (2) Εάν ένα άτομο εμποδίζεται να αντισταθεί από μέθη ή μια ελεγχόμενη/κατασταλτική ουσία, και η κατάσταση αυτή ήταν γνωστή ή εύλογα θα έπρεπε να ήταν γνωστή από τον κατηγορούμενο , (3) Το άτομο εκείνη τη στιγμή δεν έχει συναίσθηση της φύσης της πράξης, και αυτό είναι γνωστό στον κατηγορούμενο (το θύμα είναι αναίσθητο ή κοιμάται, δεν γνώριζε ή δεν αντιλήφθηκε την πράξη που γινόταν, υπέκυψε στην πράξη με τέχνασμα του θύτη).', 0, 0),
	(82, '606', 6, 3, 'Misdemeanor Obstruction of Justice (Πλημμελής Παρεμπόδιση Δικαιοσύνης)', '8', '600', 'appeal', 'Η απερίσκεπτη ή εγκληματικά αμελής παρεμπόδιση των αρχών επιβολής του νόμου ή δικαιοσύνης στην ανακάλυψη, σύλληψη, καταδίκη ή τιμωρία ενός ατόμου που διέπραξε ένα έγκλημα, συμπεριλαμβανομένης της απειλής βίας, της παρεμπόδισης της απονομής δικαιοσύνης ή της απόκρυψης μη προνομιακών πληροφοριών ή αποδεικτικών στοιχείων από αξιωματικούς της ειρήνης.', 0, 0),
	(83, '607', 6, 4, 'Felony Obstruction of Justice (Κακουργηματική Παρεμπόδιση Δικαιοσύνης)', '16', '1200', 'appeal', 'Η σκόπιμη και κακόβουλη παρεμπόδιση των αρχών επιβολής του νόμου ή δικαιοσύνης στην ανακάλυψη, σύλληψη, καταδίκη ή τιμωρία ενός ατόμου που διέπραξε ένα έγκλημα, συμπεριλαμβανομένης της άσκησης βίας, της άμεσης παρεμπόδισης της απονομής δικαιοσύνης ή της απόκρυψης προνομιακών πληροφοριών ή αποδεικτικών στοιχείων από αξιωματικούς της ειρήνης.', 0, 0),
	(84, '608', 6, 4, 'Riot (Βίαια διαδήλωση)', '32', '3200', 'trial', 'Η άσκηση φυσικής δύναμης ή βίας είτε η διατάραξη της δημόσιας ειρήνης ή ασφάλειας είτε η απειλή για χρήση βίας είτε η άμεση διάπραξη ενεργειών οι οποίες προάγουν βίαιη συμπεριφορά έναντι των πολιτών, μιας ομάδας η οποία αποτελείται από τουλάχιστον δύο (2) άτομα.', 0, 0),
	(85, '609', 6, 3, 'Vandalism (Βανδαλισμός)', '8', '600', 'appeal', 'Η παράνομη, σκόπιμη και κακόβουλη καταστροφή, αλλοίωση ή φθορά οποιουδήποτε περιουσιακού στοιχείου ή ακινήτου, το οποίο αποτελεί ιδιοκτησία άλλου ατόμου.', 0, 0),
	(86, '610', 6, 4, 'Vandalism of Government Property (Βανδαλισμός Κρατικής Περιουσίας)', '16', '1200', 'appeal', 'Η παράνομη, σκόπιμη και κακόβουλη καταστροφή, αλλοίωση ή φθορά οποιουδήποτε περιουσιακού στοιχείου ή ακινήτου, το οποίο ανήκει στο αμερικανικό κράτος. Η πολιτεία του San Andreas, ορίζει ως ιδιοκτησία της τα ακόλουθα : Οποιοδήποτε κτίριο στεγάζει κυβερνητική υπηρεσία και οποιοδήποτε όχημα -μηχανοκίνητο ή μη- χειρίζεται ή εξυπηρετεί μια κυβερνητική υπηρεσία (UPD, EMS, LSMC, FD, CID, DOJ, Pacific Standard Bank, Town Hall)', 0, 0),
	(87, '611', 6, 4, 'Evidence Tampering (Παραποίηση αποδεικτικών στοιχείων)', '32', '3200', 'trial', 'Η παραποίηση, καταστροφή, απόκρυψη ή η αφαίρεση αποδεικτικών στοιχείων που αφορούν μια εγκληματική πράξη με σκοπό την αλλοίωση της αλήθειας και την δυσχέρεια της πορείας μιας αστυνομικής έρευνας ή μιας δικαστικής διαδικασίας.', 0, 0),
	(88, '612', 6, 4, 'Destruction of Government Property (Καταστροφή Κρατικής Περιουσίας)', '32', '3200', 'trial', 'Η παράνομη, σκόπιμη και κακόβουλη καταστροφή, αλλοίωση ή φθορά οποιουδήποτε περιουσιακού στοιχείου ή ακινήτου, το οποίο ανήκει στο αμερικανικό κράτος και οι ζημιές του οποίου κοστολογούνται από 1.001$ ή περισσότερο. Η πολιτεία του San Andreas υποχρεώνει τον ένοχο αυτού του αδικήματος εκτός από την αποπληρωμή του προστίμου, να εξοφλήσει και το ποσό για την επισκευή των ζημιών που προκλήθηκαν από αυτόν στην κυβερνητική ιδιοκτησία.', 0, 0),
	(89, '613', 6, 4, 'Disruption of a Public Utility (Διατάραξη Κοινής Ωφέλειας)', '24', '2000', 'trial', 'Η προσπάθεια ή η επιτυχής διακοπή, αλλοίωση ή καταστροφή οποιουδήποτε κοινόχρηστου δικτύου παροχής ενέργειας.', 0, 0),
	(90, '614', 6, 3, 'Wearing A Mask Or Distinguish To Evade Police (Χρήση μάσκας με σκοπό την αποτυχία αναγνώρισης του από την αστυνομία)', '4', '400', 'appeal', 'Η κατηγορία της χρήσης μάσκας ή μεταμφίεσης για αποφυγή της αστυνομίας αναφέρεται στην πράξη της σκόπιμης απόκρυψης της ταυτότητάς κάποιου με τη χρήση μάσκας, κουκούλας ή οποιουδήποτε άλλου είδους μεταμφίεσης προκειμένου να αποφευχθεί ο εντοπισμός του από αστυνομικούς. Αυτή η κατηγορία συνδέεται συχνά με εγκληματικές δραστηριότητες, όπως ληστεία, διάρρηξη ή βανδαλισμός, όπου τα άτομα χρησιμοποιούν μάσκες ή μεταμφιέσεις για να κρύψουν την ταυτότητά τους και να αποφύγουν να πιαστούν από την αστυνομία. Η πράξη της χρήσης μάσκας ή μεταμφίεσης σε αυτές τις συνθήκες θεωρείται παράνομη, καθώς μπορεί να εμποδίσει τις έρευνες της αστυνομίας και να εμποδίσει τον εντοπισμό των δραστών. Αυτή η κατηγορία μπορεί να οδηγήσει σε πρόστιμα, φυλάκιση ή και τα δύο, ανάλογα με τη σοβαρότητα του αδικήματος και τους νόμους της δικαιοδοσίας στην οποία διαπράχθηκε το έγκλημα.', 0, 0),
	(91, '615', 6, 3, 'Defamation (Συκοφαντική δυσφήμηση)', '12', '1000', 'appeal', 'H κατηγορία ότι κάποιος προέβη σε ψευδή δήλωση υποτιθέμενου γεγονότος για έναν πολίτη, ότι η δήλωση έγινε (δημοσιεύθηκε) σε τρίτο μέρος, ότι το πρόσωπο που έκανε τη δήλωση το έκανε από αμέλεια, απερισκεψία ή από πρόθεση και ότι ως αποτέλεσμα της δήλωσης, η φήμη του ζημιώθηκε.', 0, 0),
	(92, '700', 7, 3, 'Unlawful Possession of Marijuana/Weed or Cocaine Seeds (Παράνομη Κατοχή Σπόρων Μαριχουάνας ή Κοκαΐνης)', '4', '400', 'appeal', 'Η παράνομη κατοχή σπόρων μαριχουάνας ή Κοκαΐνης.', 0, 0),
	(93, '701', 7, 3, 'Unlawful Possession of Marijuana/Weed or Cocaine Leaves (Παράνομη Κατοχή Φύλλων Μαριχουάνας ή Κοκαΐνης)', '4', '400', 'appeal', 'Η παράνομη κατοχή φύλλων μαριχουάνας ή Κοκαΐνης.', 0, 0),
	(94, '702', 7, 3, 'Misdemeanor Possession of Cocaine (Πλημμελής κατοχή Κοκαΐνης)', '8', '600', 'appeal', 'H παράνομη κατοχή έως 9 γραμμάρια κκοκαΐνης (δηλαδή, έως και 6 γραμμές).', 0, 0),
	(95, '703', 7, 4, 'Felony Possession of Cocaine (Κακουργηματική Κατοχή κοκαΐνης)', '16', '1200', 'appeal', 'H παράνομη κατοχή από 10 έως 18 γραμμάρια κκοκαΐνης (δηλαδή, από 7 έως 12 γραμμές).', 0, 0),
	(96, '704', 7, 3, 'Misdemeanor Possession of Marijuana (Πλημμελής κατοχή Μαριχουάνα)', '4', '400', 'appeal', 'H παράνομη κατοχή 8 έως 20 γραμμαρίων μαριχουάνας (δηλαδή, 4 έως 10 joints) .', 0, 0),
	(97, '705', 7, 4, 'Felony Possession of Marijuana (Κακουργηματική κατοχή Marijuana)', '16', '1200', 'appeal', 'H παράνομη κατοχή 22 έως 38 γραμμαρίων μαριχουάνας (δηλαδή, 11 έως 20 joints) .', 0, 0),
	(98, '706', 7, 3, 'Misdemeanor Possession of Unknown Prescription Medication (Oxy / Acid Pills) (Πλημμελής Κατοχή άγνωστης συνταγογραφημένης φαρμακευτικής αγωγής)', '4', '400', 'appeal', 'H παράνομη κατοχή έως και 6 φιαλών ή μπουκαλιών τα οποία περιέχουν ανεπίσημη ή αμφιλεγόμενης ιατρικής σημασίας φαρμακευτική αγωγή σε μορφή χαπιών ή σιροπιού (δηλαδή, έως 6 κουτάκια με oxycodone ή acid pills) .', 0, 0),
	(99, '707', 7, 4, 'Felony Possession of Unknown Prescription Medication (Oxy / Acid Pills) (Κακουργηματική Κατοχή άγνωστης συνταγογραφημένης φαρμακευτικής αγωγής)', '8', '800', 'appeal', 'H παράνομη κατοχή 7 έως 14 φιαλών ή μπουκαλιών, τα οποία περιέχουν ανεπίσημη ή αμφιλεγόμενης ιατρικής σημασίας φαρμακευτική αγωγή σε μορφή χαπιών ή σιροπιού (δηλαδή, από 7 έως 14, κουτάκια με oxycodone ή acid pills) .', 0, 0),
	(100, '708', 7, 3, 'Misdemeanor Possession of Methamphetamine / LSD (Πλημμελής κατοχή ελεγχόμενης επικίνδυνης ουσίας «Μεθαμφεταμίνης» / «Διαιθυλαμιδίου του λυσεργικού οξέος»)', '8', '600', 'appeal', 'To Be Added ...', 0, 0),
	(101, '709', 7, 4, 'Felony Possession of Methamphetamine / LSD (Κακουργηματική κατοχή ελεγχόμενης επικίνδυνης ουσίας «Μεθαμφεταμίνης» / «Διαιθυλαμιδίου του λυσεργικού οξέος»)', '16', '1200', 'appeal', 'To Be Added ...', 0, 0),
	(102, '710', 7, 4, 'Criminal Possession of Illegal Substances or Drugs with Intent to Distribute (Κατοχή παράνομων ουσιών ή ναρκωτικών με σκοπό την διανομή)', '24', '2000', 'appeal', 'Η παράνομη κατοχή είτε από 19 έως 25 γραμμάρια κοκκαίνης είτε από 40 έως 60 γραμμάρια μαριχουάνας είτε από 14 έως 20 φιαλών ή μπουκαλιών, τα οποία περιέχουν ανεπίσημη ή αμφιλεγόμενης ιατρικής σημασίας φαρμακευτική αγωγή σε μορφή χαπιών ή σιροπιού (δηλαδή, από 13 έως 16 γραμμές ή από 21 έως 30 joints ή 14 έως 20 oxy/acid pills).', 0, 0),
	(103, '711', 7, 3, 'Possession of Drug Paraphernalia (Κατοχή Συνεργαλείων Ναρκωτικών)', '8', '600', 'appeal', 'Η παράνομη κατοχή οποιουδήποτε αντικειμένου ή εργαλείου το οποίο χρησιμοποιείται για την παρασκευή, παραγωγή, διανομή, πώληση ή κατανάλωση ναρκωτικών.', 0, 0),
	(104, '712', 7, 4, 'Drug Selling (Πώληση ναρκωτικών ουσιών)', '32', '3200', 'appeal', 'Η παράνομη πώληση (ή/και συναλλαγή) ναρκωτικής ή κατασταλτικής ελεγχόμενης ουσίας με σκοπό την απολαβή οφέλους. Η πολιτεία του San Andreas αναγνωρίζει ως ναρκωτικές ή κατασταλτικές ελεγχόμενες ουσίες τις ακόλουθες : κοκαΐνη, κρακ κοκαΐνη, oxy, μεθαμφεταμίνη, LSD, μαριχουάνα, κεταμίνη, μεταμορφίνη, ηρωίνη και άγνωστα συνταγογραφούμενα φάρμακα ή ουσίες.', 0, 0),
	(105, '713', 7, 3, 'Sale of Marijuana Seeds (Πώληση σπόρων μαριχουάνας)', '12', '1000', 'appeal', 'Η παράνομη πώληση (ή/και συναλλαγή), θηλυκών ή αρσενικών, σπόρων μαριχουάνας με σκοπό την απολαβή οφέλους.', 0, 0),
	(106, '714', 7, 4, 'Unlawful Cultivation of Marijuana/Weed or Cocaine (Παράνομη Καλλιέργεια μαριχουάνας ή Κοκαΐνης)', '24', '2000', 'trial', 'Η παράνομη καλλιέργεια λιγότερων από είκοσι πέντε (25) δενδρυλλίων κάνναβης ή κοκαΐνης.', 0, 0),
	(107, '715', 7, 1, 'Littering (Ρίψη απορριμμάτων)', '0', '100', 'appeal', 'Η παράνομη και αδικαιολόγητη ρίψη απορριμμάτων σε δημόσιο χώρο ή έδαφος. Η πολιτεία του San Andreas αναγνωρίζει ως "απορρίμματα" τα υπολείμματα τροφών ή τα αντικείμενα τα οποία έχουν παύσει να εξυπηρετούν τον σκοπό για τον οποίο έχουν κατασκευαστεί.', 0, 0),
	(108, '716', 7, 1, 'Public Intoxication (Δημόσια μέθη)', '0', '100', 'appeal', 'Η υπό την επήρεια αλκοόλ ή ναρκωτικών ουσιών αδυναμία επιμέλειας της ασφάλειας του ίδιου ή άλλων ατόμων σε δημόσιο χώρο.', 0, 0),
	(109, '717', 7, 3, 'Public Indecency (Δημόσια απρέπεια)', '4', '400', 'appeal', 'Η πράξη μιας σεξουαλικής επαφής είτε η άσεμνη έκθεση ενός οικείου μέρους του σώματος, μη συμπεριλαμβανομένων των γεννητικών οργάνων, με σκοπό την διέγερση ή ικανοποίηση της σεξουαλικής επιθυμίας κάποιου είτε το άσεμνο χάιδεμα σε κάποιον είτε η συνειδητή έκθεση των γεννητικών οργάνων η οποία είναι πιθανό να προκαλέσει προσβολή.', 0, 0),
	(110, '718', 7, 4, 'Desecration of a Human Corpse (Μίανση Ανθρώπινου Πτώματος)', '120', '12000', 'trial', 'Η παράνομη και μη εξουσιοδοτημένη ενέργεια ή πράξη η οποία εξασφαλίζει την βεβήλωση μιας ανθρώπινης σωρού. Η πολιτεία του San Andreas προσάπτει αυτή την κατηγορία σε οποιονδήποτε τεμαχίζει, παραμορφώνει, ακρωτηριάζει, καίει ή ενεργεί δόλια με σκοπό την αλλοίωση, την διασπορά, τον διασκορπισμό μιας ανθρώπινης σωρού ή την απομάκρυνση της από τον χώρο στον οποίο φυλάσσεται (πχ νεκροτομείο).', 0, 0),
	(111, '719', 7, 4, 'Felony Possession of Human Remains (Κακουργηματική κατοχή ανθρώπινων μελών)', '120', '12000', 'trial', 'Η παράνομη και μη εξουσιοδοτημένη κατοχή ανθρώπινων ζωτικών οργάνων ή αποσπασμένων τμημάτων ανθρώπινου σώματος. Η πολιτεία του San Andreas με την έκφραση "μη εξουσιοδοτημένη" εννοεί όσα άτομα δεν διαθέτουν έγκυρη άδεια ιατρού ή ιατροδικαστή.', 0, 0),
	(112, '720', 7, 3, 'Practicing Medicine Without a License (Άσκηση Ιατρικής Χωρίς Άδεια)', '12', '1000', 'appeal', 'Η άσκηση του ιατρικού λειτουργήματος χωρίς έγκυρη άδεια. Ειδικότερα, η πολιτεία του San Andreas προσάπτει αυτή την κατηγορία σε οποιονδήποτε προτείνει ή επιχειρεί θεραπεία υγειονομικού ή ιατρικού χαρακτήρα σε κάποιον πολίτη χωρίς κρατική εξουσιοδότηση. Η πολιτεία, παρέχει το δικαίωμα άσκησης ιατρικής σε εγκεκριμένα και πιστοποιημένα μέλη του LSMC, LSFD και σε οποιοδήποτε LEO.', 0, 0),
	(113, '721', 7, 4, 'Illegal Exhumation (Παράνομη εκταφή)', '120', '12000', 'trial', 'Η μετακίνηση ή η απομάκρυνση μιας ανθρώπινης σωρού από τον τόπο/σημείο στον οποίο φυλάσσεται ή αναπαύεται (πχ νεκροταφείο).', 0, 0),
	(114, '722', 7, 4, 'Drug Trafficking (Διακίνηση ναρκωτικών)', '280', '48000', 'trial', 'Η πολιτεία αναγνωρίζει ένοχο για την παρούσα κατηγορία οποιονδήποτε πληροί μία ή περισσότερες από τις ακόλουθες προϋποθέσεις : (1) Ο ύποπτος παρουσιάζει ένα μοτίβο διανομής ναρκωτικών ή κακουργηματικού χαρακτήρα κατοχή ελεγχόμενων επικίνδυνων ουσιών, που μπορεί να αποδειχθεί μέσω δέκα ή περισσότερων αποδείξιμων περιπτώσεων. (2) Απόδειξη ή αποδεικτικό στοιχείο ότι ο ύποπτος έχει παρασκευάσει ή καλλιεργήσει ελεγχόμενη επικίνδυνη ουσία. (3) Ο ύποπτος έχει πουλήσει, μεταφέρει ή διανείμει μια ελεγχόμενη επικίνδυνη ουσία σε ένα άτομο που μπορεί να κληθεί να εμφανιστεί στο δικαστήριο (4) Η αποθήκευση/κατοχή μεγάλης ποσότητας ναρκωτικών ουσιών.', 0, 0),
	(115, '723', 7, 4, 'Human Trafficking (Σωματεμπορία)', '280', '48000', 'trial', 'Η παράνομη μεταφορά ατόμων υπό την απειλή θανατηφόρου βίας με σκοπό να εξαναγκαστούν να εκτελέσουν μια χειρωνακτική εργασία ή μια υπηρεσία για μεγάλο χρονικό διάστημα υπό πίεση. Η πολιτεία του San Andreas συμπεριλαμβάνει στην παρούσα κατηγορία και πράξεις όπως την βία που ασκείται εναντίον ενός ατόμου για τη διατήρηση της συμμόρφωσής του, την παρατεταμένη διάρκεια της φυλάκισης του και την απαγωγή ή μεταφορά ενός ανθρώπου με σκοπό την "πώλησή" του.', 0, 0),
	(116, '724', 7, 4, 'Prostitution (Πορνεία)', '16', '1200', 'appeal', 'Η εμπλοκή σε σεξουαλική δραστηριότητα ή σε άσεμνη αισθησιακή πράξη με κάποιον με στόχο την απολαβή οφέλους (όπως χρήματα) από αυτόν.', 0, 0),
	(117, '800', 8, 3, 'Criminal Possession of a Firearm [Class 1] (Εγκληματική κατοχή οπλισμού 1ης κλάσης)', '4', '400', 'appeal', 'Η παράνομη και ανέγκυρη κατοχή οπλισμού πρώτης κλάσης. Η πολιτεία του San Andreas με τον χαρακτηρισμό "ανέγκυρη" εννοεί είτε ότι ο κάτοχος του οπλισμού δεν έχει αποκτήσει το εκάστοτε όπλο με νόμιμο τρόπο είτε ότι δεν έχει καταγεγραμμένο στο όνομά του το εκάστοτε όπλο.', 0, 0),
	(118, '801', 8, 4, 'Criminal Possession of a Firearm [Class 2] (Εγκληματική κατοχή οπλισμού 2ης κλάσης)', '16', '1200', 'appeal', 'Η παράνομη και ανέγκυρη κατοχή οπλισμού δεύτερης κλάσης ή MP5. Η πολιτεία του San Andreas με τον χαρακτηρισμό "ανέγκυρη" εννοεί είτε ότι ο κάτοχος του οπλισμού δεν έχει αποκτήσει το εκάστοτε όπλο με νόμιμο τρόπο είτε ότι δεν έχει καταγεγραμμένο στο όνομά του το εκάστοτε όπλο.', 0, 0),
	(119, '802', 8, 4, 'Criminal Possession of a Firearm [Class 3] (Εγκληματική κατοχή οπλισμού 3ης κλάσης)', '24', '2000', 'appeal', 'Η παράνομη και ανέγκυρη κατοχή οπλισμού τρίτης κλάσης. Η πολιτεία του San Andreas με τον χαρακτηρισμό "ανέγκυρη" εννοεί είτε ότι ο κάτοχος του οπλισμού δεν έχει αποκτήσει το εκάστοτε όπλο με νόμιμο τρόπο είτε ότι δεν έχει καταγεγραμμένο στο όνομά του το εκάστοτε όπλο.', 0, 0),
	(120, '803', 8, 4, 'Criminal Possession of a Government-Issue Firearm (Εγκληματική κατοχή οπλισμού χορηγημένο από τη κυβέρνηση)', '32', '3200', 'appeal', 'Η παράνομη και ανέγκυρη κατοχή κυβερνητικού οπλισμού οποιασδήποτε κλάσης χωρίς ο κάτοχος του να είναι ορκισμένος κυβερνητικός υπάλληλος ο οποίος εργάζεται (επί του παρόντος) για το UPD ή το DOC. Η πολιτεία του San Andreas με τον χαρακτηρισμό "ανέγκυρη" εννοεί είτε ότι ο κάτοχος του οπλισμού δεν έχει αποκτήσει το εκάστοτε όπλο με νόμιμο τρόπο είτε ότι δεν έχει καταγεγραμμένο στο όνομά του το εκάστοτε όπλο.', 0, 0),
	(121, '804', 8, 3, 'Possession of Illegal Weapon Attachments (Κατοχή παράνομων προσαρτημάτων όπλων)', '4', '400', 'appeal', 'Η παράνομη κατοχή εξαρτημάτων όπλων όπως Silencers, Suppressors, Muzzle Brakes. Η πολιτεία του San Andreas επιβάλει ξεχοριστή κατηγορία για κάθε ένα από τα οπλικά εξαρτήματα τα οποία αναφέρθηκαν προηγούμενως.', 0, 0),
	(122, '805', 8, 3, 'Possession of Switchblade (Κατοχή μαχαιριού τύπου "πεταλούδα")', '4', '400', 'appeal', 'Η κατοχή μαχαιριού τύπου "πεταλούδα". Η πολιτεία του San Andreas αναγνωρίζει την κατοχή κάθε τέτοιου είδους μαχαιριού παράνομη.', 0, 0),
	(123, '806', 8, 4, 'Possession of Explosives (Κατοχή Εκρηκτικών)', '8', '800', 'appeal', 'Η παράνομη και ανέγκυρη κατοχή εκρηκτικών μηχανισμών, συσκευών ή αντικειμένων. Η πολιτεία του San Andreas με τον χαρακτηρισμό "ανέγκυρη" εννοεί είτε ότι ο κάτοχος των εκρηκτικών δεν έχει αποκτήσει τα εκάστοτε εκρηκτικά με νόμιμο τρόπο είτε ότι δεν έχει καταγεγραμμένα στο όνομά του τα εκάστοτε εκρηκτικά. Η πολιτεία, αναγνωρίζει ως εκρηκτικό μηχανισμό οτιδήποτε μπορεί να προκαλέσει τοπική ή μαζική έκρηξη (Thermite, Molotov, Bomb, TNT, Rocket, etc.).', 0, 0),
	(124, '807', 8, 4, 'Criminal Sale of a Firearm [Class 1] (Εγκληματική πώληση οπλισμού 1ης κλάσης)', '24', '2000', 'appeal', 'Η παράνομη και ανέγκυρη πώληση οπλισμού πρώτης κλάσης. Η πολιτεία του San Andreas με τον χαρακτηρισμό "ανέγκυρη" εννοεί ότι η εκάστοτε πώληση έγινε χωρίς δήλωση από το UPD.', 0, 0),
	(125, '808', 8, 4, 'Criminal Sale of an illegal weapon (Εγκληματική πώληση οπλισμού)', '32', '3200', 'appeal', 'Η παράνομη και ανέγκυρη πώληση οπλισμού δεύτερης ή τρίτης κλάσης. Η πολιτεία του San Andreas με τον χαρακτηρισμό "ανέγκυρη" εννοεί ότι η εκάστοτε πώληση έγινε χωρίς δήλωση από το UPD.', 0, 0),
	(126, '809', 8, 3, 'Negligent Discharge of a Firearm (Αμελής Εκπυρσοκρότηση Όπλου)', '8', '600', 'appeal', 'Η εσκεμμένη ή εγκληματικά αμελής εκπυρσοκρότηση πυροβόλου όπλου ή οποία θα μπορούσε (με γνώμονα την λογική) να οδηγήσει σε τραυματισμό ή θάνατο ενός ανθρώπου.', 0, 0),
	(127, '810', 8, 3, 'Brandishing a Firearm (Επιθετική επίδειξη οπλισμού)', '4', '400', 'appeal', 'H παράνομη και αλόγιστη επίδειξη ενός θανατηφόρου οπλισμού με επιθετικό, αγενή ή απειλητικό τρόπο σε τουλάχιστον ένα άτομο χωρίς πρόθεση για αυτοάμυνα.', 0, 0),
	(128, '811', 8, 4, 'Terrorism (Τρομοκρατία)', '280', '48000', 'trial', 'Οι παράνομες και άκρως βίαιες εγκληματικές ενέργειες τις οποίες διαπράττουν άτομα από κοινού εις βάρος άμαχων πολιτών για ιδεολογικούς σκοπούς οι οποίοι πηγάζουν από πολιτικές, θρησκευτικές, κοινωνικές, φυλετικές ή περιβαλλοντικές πεπιθύσεις και αποσκοπούν στην διακοπή, αποσταθεροποίηση ή καταστροφή του κρατικού μηχανισμού. Η πολιτεία του San Andreas αναγνωρίζει επίσης ως τρομοκρατία οποιαδήποτε αξιοσημείωτα επικίνδυνη πράξη η οποία μπορεί να θέσει σε άμεσο κίνδυνο ένα πλήθος ατόμων όπως για παράδειγμα την χρήση πυροβόλων όπλων σε ένα εργοστάσιο παραγωγής πετρελαίου.', 0, 0),
	(129, '812', 8, 4, 'Treason (Εξέγερση)', '200', '24000', 'trial', 'Όποιος εμπλέκεται και/ή υποκινεί άλλους να συμμετάσχουν σε εξέγερση ή εξέγερση ενάντια στην εξουσία της Πολιτείας του San Andreas. Η Αρχή της Πολιτείας του San Andreas θεωρείται για τους σκοπούς του παρόντος καταστατικού ότι περιλαμβάνει τη Γερουσία και/ή τους νόμους του Κράτους. Αυτό θα περιλαμβάνει οποιονδήποτε επιχειρεί να αποσχιστεί από το κράτος μέσω κρατικών αξιώσεων γης ή προσάρτησης.', 0, 0),
	(130, '813', 8, 4, 'Weapons Trafficking (Διακίνηση Όπλων)', '280', '48000', 'trial', 'Η πολιτεία αναγνωρίζει ένοχο για την παρούσα κατηγορία οποιονδήποτε πληροί μία ή περισσότερες από τις ακόλουθες προϋποθέσεις : (1) Ο ύποπτος παρουσιάζει ένα μοτίβο κατοχής οπλισμού ανεξαρτήτως κλάσης που μπορεί να αποδειχθεί μέσω είκοσι πέντε ή περισσότερων αποδείξιμων περιπτώσεων. (2) Απόδειξη ή αποδεικτικό στοιχείο ότι ο ύποπτος έχει παρασκευάσει οπλισμό ανεξαρτήτως κλάσης, εκρηκτικά ή πυρομαχικά (3) Ο ύποπτος έχει πουλήσει, μεταφέρει ή διανείμει οπλισμό ανεξαρτήτως κλάσης, εκρηκτικά ή πυρομαχικά σε ένα άτομο που μπορεί να κληθεί να εμφανιστεί στο δικαστήριο (4) Η αποθήκευση/κατοχή μεγάλης ποσότητας οπλισμού ανεξαρτήτως κλάσης, εκρηκτικών ή πυρομαχικών.', 0, 0),
	(131, '814', 8, 3, 'Unlawful Possession of Weapons, Ammunition or Explosion Manufacturing Contraband (Παράνομη κατοχή πρώτων υλών ή εξαρτημάτων για την κατασκευή όπλων, εκρηκτικών ή πυρομαχικών)', '8', '600', 'appeal', 'Παράνομη κατοχή πρώτων υλών ή εξαρτημάτων για την κατασκευή όπλων, εκρηκτικών ή πυρομαχικών.(etc Blueprints,Bullet Shells)', 0, 0),
	(132, '815', 8, 4, 'Criminal Use of Explosives (Εγκληματική χρήση εκρηκτικών)', '24', '2000', 'appeal', 'H σκόπιμη τοποθέτηση, χρήση ή απόπειρα χρήσης εκρηκτικών. Η κατηγορία, περιλαμβάνει βυτιοφόρα ή αυτοκίνητα που αναφλέγονται με βενζίνη ή δεξαμενές/βαρέλια γεμάτα με εύφλεκτο υγρό με σκοπό την πρόκληση έκρηξης.', 0, 0),
	(133, '816', 8, 4, 'Criminal Possession of a Government Issued Equipment (Εγκληματική κατοχή κυβερνητικά χορηγημένου εξοπλισμού)', '24', '2000', 'appeal', 'Η παράνομη κατοχή εξοπλισμού κρατικής ιδιοκτησίας ή εκδοθέντος από την αστυνομία χωρίς να είστε εν ενεργεία κρατικός υπάλληλος ή εγκεκριμένο άτομο με ετικέτα στο MDP. Συγκεκριμένα, αυτό καλύπτει οποιοδήποτε από τα ακόλουθα. Taser ή Ammo για Taser, Button, PD Watch & Compass, Spike Strips, χειροβομβίδες καπνού, φυσίγγια EMP και κορδόνια έκρηξης.', 0, 0),
	(134, '817', 8, 3, 'Resisting Arrest (Αντίσταση στη σύλληψη)', '4', '400', 'appeal', 'Η παράνομη και φυσική προσπάθεια κάποιου ατόμου να αντισταθεί ή να αποφύγει την σύλληψη του από τις αρχές επιβολής του νόμου.', 0, 0),
	(135, '818', 8, 1, 'Jaywalking', '0', '100', 'appeal', 'Η διάσχηση ενός δρόμου χωρίς τη χρήση διάβασης πεζών ή χωρίς σηματοδοτημένο φως διάβασης.', 0, 0),
	(136, '819', 8, 3, 'Flying into Restricted Airspace (Πτήση σε ειδική περιοχή)', '4', '400', 'appeal', 'Η μη εξουσιοδοτημένη πτήση προς ή προσγείωση σε περιορισμένο εναέριο χώρο. Οι απαγορευμένες περιοχές είναι οι εξής. Αεροπλανοφόρο, οποιοδήποτε και όλα τα εργοστάσια παραγωγής ενέργειας, Fort Zancudo. Αυτό περιλαμβάνει την προσγείωση στο Pillbox Medical Center και σε οποιοδήποτε κτίριο ή ακίνητο της Επιβολής του Νόμου. Οι πιστοποιημένοι πιλότοι θα χάσουν την άδεια τους για οποιοδήποτε από τα παραπάνω. Το LEO και το EMS εξαιρούνται.', 0, 0),
	(137, '820', 8, 4, 'Piloting Without a Proper License (Πιλοτάρισμα χωρίς άδεια)', '8', '800', 'appeal', 'Λειτουργία (ή προσπάθεια εκμετάλλευσης) αεροσκάφους χωρίς την κατάλληλη άδεια. Αυτό περιλαμβάνει ελικόπτερα και αεροσκάφη σταθερής πτέρυγας.', 0, 0),
	(138, '821', 8, 4, 'Formation of Criminal Organization (Σύσταση Εγκληματικής Οργάνωσης)', '280', '48000', 'trial', 'Η οργανωμένη και προσχεδιασμένη διεξαγωγή κακουργηματικών εγκλημάτων από τρία ή περισσότερα μέλη τα οποία δρουν ομότροπα με σκοπό το όφελος τους. Η πολιτεία του San Andreas, προβλέπει την εφαρμογή της νομοθεσία "RICO" όταν επανειλημμένα (τουλάχιστον τρεις φορές, σε διαφορετικές χρονικές στιγμές) τα μέλη, διαπράττουν κακουργήματα δρώντας ως συμμορία. Τέλος, η πολιτεία προβλέπει την προσωρινή κατάσχεση περιουσιακών στοιχείων όσων τα χρησιμοποίησαν στην διεξαγωγή των εγκλημάτων με σκοπό την διερεύνηση της εκάστοτε εγκληματικής οργάνωσης.', 0, 0),
	(139, '900', 9, 3, 'Driving Without A Valid License (Οδήγηση χωρίς έγκυρη άδεια)', '4', '400', 'appeal', 'Η οδήγηση ενός μηχανοκίνητου οχήματος, χωρίς έγκυρο δίπλωμα οδήγησης.', 0, 0),
	(140, '901', 9, 3, 'Driving Under the Influence - DUI (Οδήγηση υπό την επήρεια)', '8', '600', 'appeal', 'Η οδήγηση οχήματος υπό την επήρεια κατασταλτικής ουσίας ή αλκοόλ. Η πολιτεία του San Andreas, ορίζει ως ανώτατα όρια περιεκτικότητας αλκοόλ στο αίμα (BAC) τα εξείς: έως 0.08% για άτομα 21 ετών ή άνω και έως 0.01% για άτομα κάτω των 21.', 15, 0),
	(141, '902', 9, 3, 'Hit and Run (Κτύπημα και εγκατάλειψη)', '8', '600', 'appeal', 'Η εγκατάλειψη ενός ατόμου, το οποίο χτυπήθηκε από το όχημα που οδηγούσε ο θύτης, χωρίς να του παρέχει βοήθεια (δηλαδή, να καλέσει PD/EMS/FD) ή να του γνωστοποιήσει τα στοιχεία του.', 3, 0),
	(142, '903', 9, 4, 'Felony Hit and Run (Κακουργηματικό κτύπημα και εγκατάλειψη)', '16', '1200', 'appeal', 'Η εγκατάλειψη ενός ατόμου, το οποίο χτυπήθηκε και νοσηλεύτηκε για σοβαρό σωματικό τραυματισμό, από το όχημα που οδηγούσε ο θύτης, χωρίς να του παρέχει βοήθεια (δηλαδή, να καλέσει PD/EMS/FD) ή να του γνωστοποιήσει τα στοιχεία του.', 6, 0),
	(143, '904', 9, 3, 'Evading (Διαφυγή)', '4', '400', 'appeal', 'Η διαφυγή από αξιωματικό ειρήνης με όχημα, με σκοπό την αποφυγή της σύλληψης ή της κράτησης.', 2, 0),
	(144, '905', 9, 3, 'Reckless Evading (Επικίνδυνη διαφυγή)', '8', '600', 'appeal', 'Η εγκληματικά απερίσκεπτη και επικίνδυνη διαφυγή από αξιωματικό ειρήνης με όχημα, με σκοπό την αποφυγή της σύλληψης ή της κράτησης. Ειδικότερα, όταν ο δράστης κάνει διέλευση σε αντίθετες λωρίδες κυκλοφορίας, προκαλεί υλικές ζημιές και θέτει ζωές σε κίνδυνο.', 5, 0),
	(145, '906', 9, 1, 'Failure to Yield to Emergency Vehicle (Παρεμπόδιση οχήματος έκτακτης ανάγκης)', '0', '100', 'appeal', 'Η παρεμπόδιση ενός οχήματος άμεσης ανάγκης (PD/EMS/FD vehicle) όταν εκείνο έχει αναμμένους φάρους και σειρήνες. Ειδικότερα, όταν το εκάστοτε όχημα δεν μεταφέρεται σε σταθερό σημείο κοντά σε πεζοδρόμιο ή λωρίδα με σκοπό να περάσει το κρατικό όχημα άμεσης ανάγκης.', 1, 0),
	(146, '907', 9, 1, 'Failure to Obey Traffic Control Devices (Παράλειψη υπακοής στις συσκευές ελέγχου κυκλοφορίας)', '0', '100', 'appeal', 'Δεν υπακούει σε σήμα ή σήμα που ορίζεται ως ρυθμιστικό.', 1, 1),
	(147, '908', 9, 1, 'Negligent Driving (Αμελής οδήγηση)', '0', '250', 'appeal', 'Η οδήγηση με αμέλεια. Δηλαδή, όταν ένας οδηγός δεν λαμβάνει υπόψη τους βασικούς κανόνες οδικής κυκλοφορίας και ενδέχεται να προκαλέσει ατύχημα με την οδηγική του συμπεριφορά.', 2, 0),
	(148, '909', 9, 4, 'Reckless Driving (Απερίσκεπτη οδήγηση)', '8', '800', 'appeal', 'Η οδήγηση οχημάτων σε δημόσιους δρόμους με απερίσκεπτο τρόπο, προκαλώντας σοβαρό κίνδυνο για τον εαυτό τους ή για τους άλλους οδηγούς/πεζούς. Ειδικότερα, η πολιτεία του San Andreas αποδίδει την παρούσα κατηγορίας σε όποιον/α οδηγό : (α) οδηγεί εντός πυκνοκατοικημένων περιοχών με ταχύτητα που καταπάει τα όρια ταχύτητας τουλάχιστον 2 φορές , (β) οδηγάει εντός πλατειών ή χώρων συνάθροισης , (γ) οδηγεί σε πεζοδρόμια και θέτει την ζωή άλλων σε μεγάλο κίνδυνο.', 4, 0),
	(149, '910', 9, 1, 'Third Degree Speeding (Υπερβολική ταχύτητα 3ου βαθμού)', '0', '100', 'appeal', 'Οδηγεί με ταχύτητα που υπερβαίνει το όριο ταχύτητας έως και 15 μίλια την ώρα. Ειδικότερα, όταν ο/η εκάστοτε οδηγός διατηρεί ταχύτητα 56-70 mp/h στο Los Santos, 76-90 mp/h στην Route 68 και 96-110 mp/h στα freeways. Προσθέτεται 1 βαθμός στο driver\'s lisence.', 1, 0),
	(150, '911', 9, 1, 'Second Degree Speeding (Υπερβολική ταχύτητα 2ου βαθμού)', '0', '150', 'appeal', 'Οδηγεί με ταχύτητα που υπερβαίνει το όριο ταχύτητας από 16 έως και 30 μίλια την ώρα. Ειδικότερα, όταν ο/η εκάστοτε οδηγός διατηρεί ταχύτητα 71-85 mp/h στο Los Santos, 91-105 mp/h στην Route 68 και 111-125 mp/h στα freeways. Προσθέτονται 3 βαθμοί στο driver\'s lisence.', 2, 0),
	(151, '912', 9, 1, 'First Degree Speeding (Υπερβολική ταχύτητα 1ου βαθμού)', '0', '250', 'appeal', 'Οδηγεί με ταχύτητα που υπερβαίνει το όριο ταχύτητας από 31 μίλια την ώρα και πάνω. Ειδικότερα, όταν ο/η εκάστοτε οδηγός διατηρεί ταχύτητα 86+ mp/h στο Los Santos, 106+ mp/h στην Route 68 και 126+ mp/h στα freeways. Προσθέτονται 5 βαθμοί στο driver\'s lisence.', 4, 0),
	(152, '913', 9, 3, 'Operating a Motor Vehicle on a Suspended or Revoked License (Οδήγηση μηχανοκίνητου οχήματος με ανεσταλμένη ή κατασχεμένη άδεια)', '4', '400', 'appeal', 'Άτομο χειρίζεται μηχανοκίνητο όχημα με αναστολή και ανάκληση άδειας. Το όχημα θα κατασχεθεί από το κράτος και ο χειριστής του οχήματος συλλαμβάνεται επειδή δεν είχε την κατάλληλη άδεια οδήγησης νόμιμα.', 0, 0),
	(153, '914', 9, 1, 'Illegal Passing (Παράνομη διέλευση)', '0', '100', 'appeal', 'Πέρασμα άλλου οχήματος από έναν ώμο, μέση ή συμπαγείς γραμμές. Η διέλευση πρέπει να γίνεται πλήρως χωρίς να παρεμποδίζεται η ασφαλής λειτουργία οποιουδήποτε οχήματος που πλησιάζει από την αντίθετη κατεύθυνση.', 1, 0),
	(154, '915', 9, 1, 'Driving on the Wrong Side of The Road (Οδήγηση στη λάθος πλευρά του δρόμου)', '0', '100', 'appeal', 'Οδήγηση στην αριστερή πλευρά του δρόμου, ενάντια στην αντίπαλη κυκλοφορία.', 1, 0),
	(155, '916', 9, 1, 'Illegal Turn (Παράνομη αναστροφή)', '0', '100', 'appeal', 'Εκτέλεση στροφής σε πινακίδα στάσης ή κόκκινο φανάρι χωρίς να σταματήσει τελείως και τελείως ή αδυναμία υποχώρησης στους πεζούς. Κάνοντας μια αριστερή στροφή υπήρχαν πινακίδες που αναρτήθηκαν που απαγορεύουν μια τέτοια στροφή.', 1, 0),
	(156, '917', 9, 1, 'Failure to Stop (Αποτυχία στάσης σε σήμανση)', '0', '100', 'appeal', 'Αποτυχία τελείας και τελείας σε αναρτημένη πινακίδα στάσης ή κόκκινο φανάρι. Δεξιά στο κόκκινο επιτρέπεται όταν έχει ολοκληρωθεί μια τελεία και μετά την υποχώρηση στην κυκλοφορία και τους πεζούς.', 1, 0),
	(157, '918', 9, 1, 'Unauthorized Parking (Μη εξουσιοδοτημένη στάθμευση)', '0', '100', 'appeal', 'Πάρκα σε περιοχή που δεν είναι ασφαλής ή σε κρατική ιδιοκτησία. Στάθμευση σε πεζοδρόμιο, για να συμπεριληφθεί ΟΠΟΙΟΔΗΠΟΤΕ τμήμα του ελαστικού που αγγίζει το κράσπεδο. Στάθμευση σε λάθος κατεύθυνση κυκλοφορίας. Στάθμευση σε κόκκινη γραμμή. Στάθμευση μπροστά σε πυροσβεστικό κρουνό. Στάθμευση οχήματος σε πολλές θέσεις στάθμευσης. Το όχημα υπόκειται σε ρυμούλκηση.', 0, 0),
	(158, '919', 9, 1, 'Parking on the Wrong Side of the Road', '0', '100', 'appeal', 'Η αντικανονική στάθμευση σε οδόστρωμα όπως για παράδειγμα η στάθμευση σε λανθασμένη λωρίδα ενός δημόσιου δρόμου.', 0, 0),
	(159, '920', 9, 1, 'Operating a Motor Vehicle Without Proper Identification (Λειτουργία μηχανοκίνητου οχήματος χωρίς ταυτότητα)', '0', '100', 'appeal', 'Το άτομο έχει έγκυρη άδεια οδήγησης αλλά δεν είναι σε θέση να παράσχει έγκυρη ταυτότητα πολίτη στις αρχές επιβολής του νόμου κατόπιν αιτήματος. Το άτομο πρέπει να παρουσιάσει τη φυσική του ταυτότητα στις αρχές επιβολής του νόμου. Το όχημα πρόκειται να κατασχεθεί από τις αρχές επιβολής του νόμου. Αυτός ο νόμος είναι να διασφαλίσει ότι οι πολίτες παρέχουν την κατάλληλη ταυτοποίηση στις αρχές επιβολής του νόμου όταν χειρίζονται ένα μηχανοκίνητο όχημα. Προσθέτει 2 βαθμούς.', 0, 0),
	(160, '921', 9, 3, 'Unauthorized Operation of an Off-Road Vehicle (Μη εξουσιοδοτημένη λειτουργία off-road οχήματος)', '4', '400', 'appeal', 'Είναι παράνομη η λειτουργία οχήματος εκτός δρόμου σε δρόμους της πόλης, αυτοκινητόδρομους, επαρχιακούς δρόμους και πεζοδρόμια. Τα οχήματα εκτός δρόμου ταξινομούνται ως ATV, Dirt Bikes, Farm Tractors, Golf Carts και Dune Buggies που δεν έχουν ορατή πινακίδα κυκλοφορίας. Ο αξιωματικός μπορεί να χρησιμοποιήσει διακριτικότητα εάν το άτομο μεταφέρει από PDM μετά την αγορά. Προσθέτει 2 βαθμούς.', 0, 0),
	(161, '922', 9, 1, 'Improper Window Tint (Ακατάλληλη απόχρωση παραθύρου - φιμέ)', '0', '150', 'appeal', 'Λειτουργία οχήματος με απόχρωση που κρύβει τη θέα από έξω. Η απόχρωση των παραθύρων πρέπει να είναι εντελώς σκούρα σε σημείο όπου οι αρχές επιβολής του νόμου δεν μπορούν να δουν πολίτες στο όχημα. Οι αρχές επιβολής του νόμου μπορούν να χρησιμοποιήσουν διακριτική ευχέρεια για να δώσουν προφορική προειδοποίηση ή γραπτή παράβαση. Το όχημα ενδέχεται να κατασχεθεί. **Τα κρατικά οχήματα εξαιρούνται. Συμπεριλαμβάνονται οχήματα PD, EMS και DOJ. Τα δικηγορικά οχήματα δεν είναι οχήματα του Υπουργείου Δικαιοσύνης**', 0, 0),
	(162, '923', 9, 4, 'Street Racing (Αγώνες σε δημόσιο δρόμο)', '16', '1200', 'appeal', 'Ένα άτομο δεν πρέπει να συμμετέχει σε διαγωνισμό ταχύτητας μηχανοκίνητου οχήματος σε αυτοκινητόδρομο ή δημόσιο δρόμο οποιουδήποτε είδους. Κάθε άτομο που διοργανώνει ή συμμετέχει σε αγώνα ταχύτητας μηχανοκίνητου οχήματος. Αυτό περιλαμβάνει τη χρήση οποιουδήποτε δημόσιου δρόμου σε όλη την πολιτεία ως μέσο για αγώνες αυτοκινήτων ως άθλημα ή/και για υλικό κέρδος.', 6, 0),
	(163, '924', 9, 3, 'Misuse of a High-Performance Rental Vehicle (αντικανονική χρήση ενοικιαζόμενου οχήματος υψηλών επιδόσεων)', '8', '600', 'appeal', 'Κάθε άτομο που χρησιμοποιεί ενοικιαζόμενο όχημα υψηλής απόδοσης από την H & O Imports / Exports για τη διάπραξη εγκλήματος.', 0, 1),
	(164, '925', 9, 4, 'Felony Misuse of a High-Performance Rental Vehicle (Κακουργηματική χρήση ενοικιαζόμενου οχήματος υψηλών επιδόσεων)', '8', '800', 'appeal', 'Οποιοδήποτε άτομο χρησιμοποιεί ένα ενοικιαζόμενο όχημα υψηλής απόδοσης από την H & O Imports / Exports για την προμήθεια χρέωσης HUT ή κακουργήματος που έχει ένα ή περισσότερα από τα ακόλουθα χαρακτηριστικά: Boosting, Yacht, Τράπεζα και ληστείες πρώτου βαθμού, πέναλτι , Πωλήσεις Ναρκωτικών / Διακίνηση, Πωλήσεις Όπλων / Διακίνηση.', 0, 1),
	(165, '926', 9, 1, 'Failure to Signal (Αποτυχία σήμανσης ενέργειας)', '0', '100', 'appeal', 'Δεν χρησιμοποιεί φλας όταν χρειάζεται.', 0, 0),
	(166, '927', 9, 1, 'Running a Red Light (Παραβίαση ερυθρού σηματοδότη)', '0', '150', 'appeal', 'Διαπερνά ερυθρό σηματοδότη (περισσότερα από 3/10 του δευτερολέπτου).', 1, 0),
	(167, '928', 9, 1, 'Operating an Unsafe Vehicle (Χρήση μη ασφαλούς οχήματος)', '0', '100', 'appeal', 'Οδηγεί μηχανοκίνητο όχημα το οποίο δεν πληροί τα πρωτόκολλα ασφαλείας τόσο σε μηχανικό όσο σε δομικό πλαίσιο.', 0, 0),
	(168, '929', 9, 3, 'Operating a motor vehicle without a valid licence plate (Χρήση οχήματος χωρίς πινακίδες)', '4', '400', 'appeal', 'Η χρήση μηχανοκίνητου οχήματος χωρίς αυτό να διαθέτει σε ορατό σημείο έγγυρη πινακίδα με αριθμό κυκλοφορίας', 1, 0),
	(169, '1000', 10, 4, 'Unlawful Taking of Protected Fish or Wildlife (Παράνομη σύλληψη προστατευόμενων ψαριών ή άγριων ζώων)', '8', '800', 'appeal', 'Κανένα άτομο δεν επιτρέπεται, είτε μεμονωμένα είτε σε συνεργασία με ένα ή περισσότερα άλλα άτομα, να δολώνει, να παγιδεύει, να κυνηγά, να τραυματίζει, να ακρωτηριάζει, να σκοτώνει, να βλάπτει με άλλο τρόπο ή να διατηρεί στην κατοχή του το κουκούτσι, το σφάγιο ή οποιοδήποτε μέρος οποιουδήποτε ζώου που κατονομάζεται στο απαγορευμένο καταλόγους κυνηγιού ή αλιείας που τηρούνται από το Υπουργείο Φυσικών Πόρων.', 0, 0),
	(170, '1001', 10, 3, 'Hunting Without a License (Κυνήγι χωρίς άδεια)', '8', '600', 'appeal', 'Κυνήγι σε δημόσιο χώρο χωρίς κατάλληλη και ενημερωμένη άδεια που έχει εκδοθεί από το Δημόσιο. Όλα τα παράνομα ληφθέντα σφάγια και σβόλοι πρέπει να κατασχεθούν και να καταστραφούν σύμφωνα με τους SOPs Park Ranger.', 0, 0),
	(171, '1002', 10, 3, 'Fishing Without a License (Ψάρεμα χωρίς άδεια)', '8', '600', 'appeal', 'Ψάρεμα σε δημόσιο χώρο χωρίς κατάλληλη και ενημερωμένη άδεια που έχει εκδοθεί από το Δημόσιο. Όλα τα ψάρια και τα άγρια ​​ζώα που αποκτήθηκαν παράνομα πρέπει να κατασχεθούν και να απελευθερωθούν (εάν είναι δυνατόν) ή να καταστραφούν σύμφωνα με τους SOP του Park Ranger.', 0, 0),
	(172, '1003', 10, 1, 'Hunting in an Unregulated Area (Κυνήγι σε απαγορευμένη Περιοχή)', '0', '400', 'appeal', 'Κυνήγι εκτός της Κυνηγετικής Περιοχής / Ζώνης όπως ορίζεται από την Πολιτεία του San Andreas. Οι παραβάτες υπόκεινται σε έρευνα για τυχόν ζώα ή μέρη ζώων που αποκτήθηκαν με κυνήγι εκτός της καθορισμένης περιοχής/ζώνης κυνηγιού. Μετά από τρεις ή περισσότερες παραβάσεις, τα άτομα υπόκεινται σε αφαίρεση της Άδειας Κυνηγιού τους.', 0, 0),
	(173, '1004', 10, 1, 'Prohibition of Driving on Park Grass (Απαγόρευση οδήγησης σε γρασίδι πάρκου)', '0', '100', 'appeal', 'Section 1. Purpose The purpose of this law is to protect the vegetation in public parks and open spaces by regulating activities that may damage or destroy it, particularly driving. Section 2. Definitions For the purpose of this law, the following definitions apply: a) Park: A public area designated by the government for recreational, cultural, or natural purposes. b) Grass: Any type of grass or other low-growing plant that is part of the natural vegetation in the park. c) Driving: The operation of a motorized vehicle on any surface, including grass, within the park. Section 3. Prohibition of Driving on Park Grass It shall be unlawful for any person to drive a motorized vehicle on any grass or vegetation in a public park or open space, unless authorized to do so by the park service or other authorized entity.', 0, 0),
	(174, '1005', 10, 1, 'Illegal Entry in National Parks during Restricted Hours', '0', '100', 'appeal', 'Section 1. Purpose The purpose of this law is to protect and preserve the natural resources and cultural heritage of national parks by regulating access during restricted hours and prohibiting illegal entry. Section 2. Definitions For the purpose of this law, the following definitions apply: a) National Park: A protected area designated by the government for its natural, cultural, or recreational significance. b) Restricted Hours: The period between 23:30 and 6:30 during which access to national parks is prohibited except for authorized purposes. c) Illegal Entry: Entering a national park during restricted hours without proper authorization or in violation of park regulations. Section 3. Prohibition of Entry During Restricted Hours It shall be unlawful for any person to enter a national park during restricted hours without proper authorization or in violation of park regulations.', 0, 0),
	(175, '1006', 10, 4, 'Criminal Use of a Gill Net (Εγκληματική χρήση αλιευτικού διχτυού)', '8', '800', 'appeal', 'Κανένα άτομο, είτε μεμονωμένα είτε σε συνεργασία με ένα ή περισσότερα άλλα άτομα, δεν πρέπει να τοποθετεί ηθελημένα ένα απλάδι δίχτυ ή να συλλέγει ψάρια από ένα απλάδι δίχτυ σε οποιαδήποτε υδάτινη οδό στην πολιτεία San Andreas. Τα απλάδια δίχτυα πρέπει να καταστραφούν όταν εντοπιστούν από τους αστυνομικούς.', 0, 1),
	(176, '1007', 10, 3, 'Misdemeanor Possession of a Gill Net (Πλημμελής κατοχή αλιευτικού διχτυού)', '4', '400', 'appeal', 'Διαθέτει απλάδι δίχτυ που δεν χρησιμοποιείται ενεργά.', 0, 1),
	(177, '1008', 10, 4, 'Felony Animal Cruelty (Κακουργηματική κακοποίηση ζώων)', '16', '1200', 'appeal', 'Τραυματίζει σκόπιμα ή τερματίζει κακόβουλα τη ζωή ενός ζώου σε οποιαδήποτε άλλη κατάσταση εκτός από το να βρίσκεται σε παρόντα κίνδυνο για ένα άτομο ή άτομα. Οι ενέργειες αυτές δεν προήλθαν από νόμιμα εγκεκριμένο κυνηγετικό τουφέκι ή από νόμιμη αλιεία.', 0, 0),
	(178, '1009', 10, 3, 'Misdemeanor Animal Cruelty (Πλημμελής κακοποίηση ζώων)', '4', '400', 'trial', '"Ανερίσκεπτα ή σε έξαρση πάθους πληγώνει ή σκοτώνει ένα ζώο που δεν αποτελούσε παρόντα κίνδυνο για ένα άτομο ή άτομα. Αυτές οι ενέργειες δεν προήλθαν από το νόμιμο άδεια κυνηγετικό τουφέκι ή από νόμιμη αλιεία."', 0, 0),
	(179, '1010', 10, 3, 'Possession of Illegal Fishing Hooks (Κατοχή παράνομων αγκιστριών αλιείας)', '4', '400', 'appeal', 'Το άτομο έχει στην κατοχή του οποιαδήποτε ποσότητα παράνομων αγκίστρων ψαρέματος.', 0, 1),
	(180, '1011', 10, 4, 'Criminal Use of Illegal Fishing Hooks (Εκγληματική χρήση αγκιστριών αλιείας)', '8', '800', 'appeal', 'Οποιοδήποτε άτομο χρησιμοποιεί εσκεμμένα ένα παράνομο γάντζο ψαρέματος με καλάμι ψαρέματος σε οποιαδήποτε πλωτή οδό στην πολιτεία San Andreas. Τα παράνομα αγκίστρια ψαρέματος θα κατασχεθούν για τις ενέργειες αυτές.', 0, 1);

CREATE TABLE IF NOT EXISTS `fundamental_concepts` (
  `id` int NOT NULL AUTO_INCREMENT,
  `article` varchar(255) CHARACTER SET utf8mb4 COLLATE utf8mb4_unicode_ci DEFAULT NULL,
  `concept` varchar(255) COLLATE utf8mb4_unicode_ci NOT NULL,
  `description` text COLLATE utf8mb4_unicode_ci,
  PRIMARY KEY (`id`)
) ENGINE=InnoDB AUTO_INCREMENT=12 DEFAULT CHARSET=utf8mb4 COLLATE=utf8mb4_unicode_ci;

INSERT INTO `fundamental_concepts` (`id`, `article`, `concept`, `description`) VALUES
	(1, '2.1', 'Class 1 Weaponry', 'Τα όπλα πρώτης κλάσης. Δηλαδή, Combat Pistol, Vintage Pistol, Pistol και SNS.'),
	(2, '2.2', 'Class 2 Weaponry', 'Τα όπλα δεύτερης κλάσης. Δηλαδή, ημιαυτόματα, αυτόματα πυροβόλα όπλα (SMGs) και κυνηγετικά όπλα (Hunting Long Guns).'),
	(3, '2.3', 'Class 3 Weaponry', 'Τα όπλα τρίτης κλάσης. Δηλαδή, εξουσιοδοτημένα στρατιωτικά πυροβόλα όπλα (ARs, High Caliber Weapons).'),
	(4, '2.4', 'Class 4 Weaponry - Explosives', 'Τα όπλα τέταρτης κλάσης. Δηλαδή, οποιοδήποτε αντικείμενο ή όπλο ανατινάζεται (RPGs, Thermites, etc.)'),
	(5, '2.5', 'Open Carry vs Concealed Carry', 'Η πολιτεία του San Andreas ανήκει στα states τα οποία προβλέπουν concealed carry για άτομα τα οποία δεν είναι LEO ή CID. Πολίτες οι οποίοι θα μεταφέρουν ή κατέχουν όπλα σε κοινή θέα αντιμετωπίζουν ποινική δίωξη.'),
	(6, '2.6', 'Controlled Substance - Ελεγχόμενη (φαρμακευτική) Ουσία', 'Κοκαΐνη, κρακ-κοκαΐνη, oxy, κεταμίνη και μαριχουάνα.'),
	(7, '2.7', 'Government Property - Κρατική Ιδιοκτησία', 'Κάθε ακίνητο που εκδίδεται σε δημόσιο υπάλληλο.'),
	(8, '2.8', 'Peace Officer - Αξιωματικός Ειρήνης', 'Police Officer, Trooper, Sheriff (και deputy) και CID.'),
	(9, '2.9', 'Public Official - Αξιωματούχος Δημόσιος Υπάλληλος', 'Πρόσωπο που διορίζεται ή εκλέγεται σε θέση στην κυβέρνηση.'),
	(10, '2.10', 'Public Servant - Δημόσιος Υπάλληλος', 'Ένα άτομο που εργάζεται για την κυβέρνηση.'),
	(11, '2.11', 'Malice aforethought', 'Η ψυχική κατάσταση που συνιστά κακία εκ των προτέρων ή σκέψη η οποία δεν προϋποθέτει ούτε απαιτεί κακή θέληση ή μίσος προς το συγκεκριμένο θύμα. Όταν ένας κατηγορούμενος «με απρόοπτη αδιαφορία για την ανθρώπινη ζωή, κάνει μια πράξη που ενέχει μεγάλο βαθμό πιθανότητας να οδηγήσει σε θάνατο», ενεργεί με κακία εκ προοιμίου.');

CREATE TABLE IF NOT EXISTS `speed_limits` (
  `id` int NOT NULL AUTO_INCREMENT,
  `article` varchar(255) CHARACTER SET utf8mb4 COLLATE utf8mb4_unicode_ci DEFAULT NULL,
  `limits` varchar(255) COLLATE utf8mb4_unicode_ci NOT NULL,
  `description` text COLLATE utf8mb4_unicode_ci,
  PRIMARY KEY (`id`)
) ENGINE=InnoDB AUTO_INCREMENT=3 DEFAULT CHARSET=utf8mb4 COLLATE=utf8mb4_unicode_ci;

INSERT INTO `speed_limits` (`id`, `article`, `limits`, `description`) VALUES
	(1, '3.1', 'Speed limits (Mph) - Όρια ταχύτητας σε μίλια ανά ώρα', '55 εντός του Los Santos, 75 στη Route 68 και 95 στους αυτοκινητόδρομους (LS Fwy, Palomino Fwy, Olympic Fwy, Del Perro Fwy, Great Ocean Hwy).'),
	(2, '3.2', 'License Removal - Αφαίρεση Διπλώματος', 'Συνολικά 50 ή περισσότεροι βαθμοί στο ιστορικό οδήγησης αποτελούν λόγο για αναστολή/αφαίρεση της άδειας οδήγησης έως 7 μήνες (OOC : έως 7 ημέρες).');

CREATE TABLE IF NOT EXISTS `state_amendments` (
  `id` int NOT NULL AUTO_INCREMENT,
  `SA` varchar(255) CHARACTER SET utf8mb4 COLLATE utf8mb4_unicode_ci DEFAULT NULL,
  `state` varchar(255) COLLATE utf8mb4_unicode_ci NOT NULL,
  `description` text COLLATE utf8mb4_unicode_ci,
  PRIMARY KEY (`id`)
) ENGINE=InnoDB AUTO_INCREMENT=7 DEFAULT CHARSET=utf8mb4 COLLATE=utf8mb4_unicode_ci;

INSERT INTO `state_amendments` (`id`, `SA`, `state`, `description`) VALUES
	(1, '1', 'Type of Plead on Crime', 'Κάθε πολίτης του San Andreas έχει το δικαίωμα να δηλώσει με βάση την κατηγορία που του προσάπτεται : (a) Guilty : , (b) Not Guilty : , (c) No Contest : .'),
	(2, '2', 'Trial & Appeal', 'Eligible For Appeal : Τέτοιες κατηγορίες δίνουν στον/ην ύποπτο/η την ευκαιρία να ασκήσει έφεση κατά ή μετά την αποφύλακισή του/της. Κάθε έφεση μπορεί να ασκηθεί εντός 7 ημερών. Διαφορετικά, ο/η ύποπτος θεωρείται ένοχος/η.'),
	(3, '3', 'Seizure of Property', 'Η πολιτεία μέσω του SA UPD θα κατάσχει - βραχυχρόνια - ιδιοκτησίες υπόπτων που κατηγορούνται για εγκλήματα που οδηγούνται στο δικαστήριο. Ειδικότερα, ό,τι κατέχει κάποιος ύποπτος θα ερευνάται από τις αρχές επιβολής του νόμου όταν αυτές έχουν τα αποδεικτικά στοιχεία πως αυτές περιέχουν ή αποτέλεσαν σημείο/χώρο/αντικείμενο/μέσο για την επίτευξη ή απόκρυψη του εκάστοτε εγκλήματος.'),
	(4, '4', 'Firearms Related', 'https://i.imgur.com/3tjvQ12.png'),
	(5, '5', 'DNA Swab', 'Η πολιτεία υποχρεώνει το UPD να συλλέγει DNA από οποιονδήποτε ύποπτο με probable cause για violent felony offence(s), sexual offence(s) ή arson(s).'),
	(6, '6', 'Tintness Of Vehicle Windows', 'Η πολιτεία απαγορεύει την χρήση σκούρων υαλοπινάκων χωρίς έγκυρη άδεια. Ειδικότερα, για την χρήση "tinted windows" στο πρώτο (1) επίπεδο ο/η εκάστοτε ιδιοκτήτης του οχήματος πρέπει να διαθέτει άδεια από το S.A L.S.M.C. Επισημαίνεται, ότι για χρήση των επιπέδων δύο, τρία και τέσσερα η άδεια εκδίδεται από το LSPD/BCSO/SAPR/SASP/CID έπειτα από συγκεκριμένες προϋποθέσεις.');
